code,accessible_area,accessible_area_m2pg,occupiable_area,occupiable_area_m2pg,accessible_volume,accessible_volume_pct,occupiable_volume,occupiable_volume_pct,specific_accessible_area,specific_occupiable_area,lcd,pld,maxdsi,maxdsd_a,maxdsd_b,maxdsd_c,framework_density,a,b,c,alpha,beta,gamma,td10,topological_density,channel_dim,atoms,portals,cages,channels,junctions,connections
ABW,86.37,1082.03,86.37,1082.03,23.63,5.19,23.63,5.19,1898.46,1898.46,4.1,4.1,4.24,2.61,3.51,2.61,17.6,9.873,5.254,8.77,90.0,90.0,90.0,833.0,0.703704,1,24.0,8.0,0.0,24.0,12.0,36.0
ACO,242.43,1518.66,242.43,1518.66,84.34,8.68,84.34,8.68,2494.75,2494.75,4.2,4.2,4.58,3.56,3.56,3.56,16.5,9.905,9.905,9.905,90.0,90.0,90.0,787.0,0.666667,3,48.0,44.0,2.0,12.0,8.0,12.0
AEI,699.85,1461.34,705.25,1472.63,552.0,17.31,552.38,17.32,2194.31,2211.26,8.0,4.3,7.33,3.84,3.84,3.64,15.1,13.677,12.607,18.497,90.0,90.0,90.0,689.0,0.583081,3,144.0,44.0,8.0,36.0,20.0,96.0
AEL,217.23,544.31,217.23,544.31,141.11,6.77,141.11,6.77,1041.96,1041.96,5.3,5.3,5.64,4.63,2.01,2.01,19.2,8.312,18.729,13.392,90.0,90.0,90.0,904.0,0.766975,1,120.0,88.0,0.0,95.0,131.0,366.0
AEN,315.9,659.63,315.9,659.63,95.96,4.02,95.96,4.02,1324.68,1324.68,5.1,3.7,4.43,1.21,3.38,3.66,20.1,18.531,13.355,9.636,90.0,90.0,90.0,956.0,0.857768,2,144.0,132.0,4.0,32.0,24.0,96.0
AET,413.24,575.25,422.28,587.84,509.36,12.88,509.89,12.9,1045.33,1068.2,8.2,8.2,8.41,1.78,1.78,7.59,18.2,32.829,14.38,8.374,90.0,90.0,90.0,824.0,0.697917,1,216.0,160.0,15.0,135.0,276.0,1186.0
AFG,0.0,0.0,485.08,1012.89,0.0,0.0,286.41,10.1,0.0,1711.19,7.0,2.7,6.37,2.55,2.55,2.54,16.9,12.548,12.548,20.789,90.0,90.0,120.0,816.0,0.693333,0,144.0,136.0,8.0,65.0,39.0,141.0
AFI,173.69,725.35,178.71,746.31,199.82,14.07,200.2,14.09,1222.63,1257.95,8.1,8.1,8.3,2.22,2.22,7.42,16.9,13.827,13.827,8.58,90.0,90.0,120.0,828.0,0.7,1,72.0,66.0,4.0,18.0,22.0,46.0
AFN,338.35,1059.75,338.35,1059.75,143.84,7.82,143.84,7.82,1839.3,1839.3,5.9,3.7,5.25,2.85,2.53,2.85,17.4,14.02,13.466,10.202,90.0,107.239,90.0,777.0,0.661111,3,96.0,76.0,2.0,63.0,48.0,175.0
AFO,226.65,567.92,226.65,567.92,150.57,7.23,150.57,7.23,1088.33,1088.33,5.6,5.6,5.43,2.21,1.49,5.07,19.2,9.764,25.614,8.327,90.0,90.0,90.0,907.0,0.769676,1,120.0,90.0,8.0,68.0,98.0,291.0
AFR,414.17,1297.25,414.17,1297.25,413.86,19.62,413.86,19.62,1963.08,1963.08,7.6,7.6,8.36,1.64,3.77,6.97,15.2,22.305,13.567,6.972,90.0,90.0,90.0,687.0,0.579229,2,96.0,38.0,4.0,8.0,10.0,12.0
AFS,799.04,1430.12,799.04,1430.12,826.59,21.6,826.59,21.6,2087.69,2087.69,10.2,6.7,9.51,3.76,3.76,6.01,14.6,13.058,13.058,25.919,90.0,90.0,120.0,656.0,0.56875,3,168.0,54.0,24.0,14.0,32.0,30.0
AFT,1052.24,1464.77,1059.62,1475.05,826.17,17.28,826.66,17.29,2201.11,2216.55,8.0,4.1,7.75,3.68,3.68,3.68,15.1,13.691,13.691,29.449,90.0,90.0,120.0,685.0,0.585714,3,216.0,84.0,10.0,84.0,70.0,228.0
AFV,402.98,1346.34,403.03,1346.49,291.48,15.29,291.48,15.29,2113.88,2114.12,,,7.08,3.46,3.46,2.48,15.7,13.2261,13.2261,12.5838,90.0,90.0,120.0,704.0,,2,,,,,,
AFX,700.71,1463.14,707.12,1476.54,550.95,17.28,551.41,17.29,2197.15,2217.27,7.8,4.1,7.76,3.73,3.73,3.73,15.1,13.674,13.674,19.695,90.0,90.0,120.0,689.0,0.585714,3,144.0,60.0,6.0,56.0,56.0,154.0
AFY,283.1,1773.41,283.1,1773.41,247.88,21.88,247.88,21.88,2499.38,2499.38,8.5,6.5,7.82,4.08,4.08,5.9,14.1,12.33,12.33,8.603,90.0,90.0,120.0,585.0,0.488889,3,48.0,15.0,1.0,7.0,5.0,24.0
AHT,0.0,0.0,143.1,597.62,0.0,0.0,32.13,2.57,0.0,1145.88,4.6,3.4,3.95,2.4,2.4,2.75,19.2,15.794,9.206,8.589,90.0,90.0,90.0,853.0,0.729167,1,72.0,56.0,4.0,40.0,28.0,92.0
ANA,0.0,0.0,215.46,449.91,0.0,0.0,50.63,2.03,0.0,862.83,4.9,3.0,4.21,2.43,2.43,2.43,19.2,13.567,13.567,13.567,90.0,90.0,90.0,933.0,0.8,3,144.0,112.0,16.0,64.0,56.0,176.0
APC,328.22,1028.03,328.22,1028.03,86.79,4.8,86.79,4.8,1814.67,1814.67,4.9,3.8,4.23,3.16,2.57,2.6,17.7,8.992,19.356,10.392,90.0,90.0,90.0,814.0,0.696296,2,96.0,44.0,2.0,38.0,42.0,74.0
APD,280.67,879.08,280.67,879.08,101.94,5.73,101.94,5.73,1577.59,1577.59,5.6,3.8,4.93,3.63,2.45,2.68,18.0,8.724,20.06,10.166,90.0,90.0,90.0,888.0,0.759019,2,96.0,88.0,4.0,32.0,32.0,76.0
AST,0.0,0.0,466.79,1169.63,0.0,0.0,382.68,15.13,0.0,1845.89,8.6,2.5,7.94,1.91,1.91,1.91,15.8,13.624,13.624,13.624,90.0,90.0,90.0,742.0,0.625,0,120.0,136.0,8.0,120.0,32.0,240.0
ASV,151.84,760.94,151.84,760.94,73.05,6.98,73.05,6.98,1449.92,1449.92,6.1,,5.43,1.52,1.52,4.43,19.1,8.674,8.674,13.919,90.0,90.0,90.0,787.0,0.666667,1,60.0,144.0,5.0,0.0,5.0,0.0
ATN,135.65,849.73,141.5,886.4,65.56,7.3,66.01,7.35,1510.56,1575.74,6.6,4.7,5.91,1.94,1.94,4.11,17.8,13.071,13.071,5.256,90.0,90.0,90.0,833.0,0.703704,1,48.0,52.0,2.0,10.0,8.0,26.0
ATO,196.84,548.02,198.36,552.26,132.95,6.93,132.96,6.94,1026.76,1034.7,6.1,6.1,5.74,2.12,2.12,5.49,18.8,20.914,20.914,5.061,90.0,90.0,120.0,894.0,0.76,1,108.0,153.0,3.0,28.0,23.0,44.0
ATS,246.34,1028.74,253.93,1060.47,233.63,15.64,234.05,15.67,1649.19,1700.04,7.3,7.3,7.3,2.44,1.62,6.82,16.1,13.164,21.584,5.257,90.0,90.0,90.0,752.0,0.64,1,72.0,35.0,6.0,26.0,40.0,62.0
ATT,146.31,1222.0,146.31,1222.0,64.48,9.18,64.48,9.18,2082.41,2082.41,6.1,4.3,5.42,3.79,3.69,1.41,17.1,9.98,7.514,9.369,90.0,90.0,90.0,768.0,0.647619,2,36.0,8.0,1.0,14.0,11.0,40.0
ATV,132.71,554.24,137.44,573.99,49.76,3.92,50.06,3.94,1045.82,1083.08,5.4,4.1,4.74,3.48,2.39,2.14,18.9,8.579,15.311,9.661,90.0,90.0,90.0,960.0,0.816667,1,72.0,68.0,12.0,20.0,28.0,58.0
AVL,561.11,1339.03,569.05,1357.97,381.11,14.36,382.06,14.4,2114.83,2144.74,,,7.14,3.55,3.55,2.48,15.8,13.2381,13.2381,17.482,90.0,90.0,120.0,710.0,,2,,,,,,
AWO,395.18,825.18,395.18,825.18,140.82,5.35,140.82,5.35,1500.99,1500.99,5.8,4.3,5.16,3.67,3.04,1.89,18.2,9.101,15.035,19.241,90.0,90.0,90.0,828.0,0.708843,1,144.0,60.0,8.0,43.0,39.0,102.0
AWW,227.83,951.46,234.47,979.19,170.64,12.04,171.07,12.07,1606.98,1653.81,8.1,4.8,7.48,1.86,1.86,4.17,16.9,13.634,13.634,7.627,90.0,90.0,90.0,772.0,0.656085,1,72.0,40.0,4.0,6.0,8.0,18.0
BCT,31.21,391.02,38.09,477.19,1.89,0.45,3.7,0.88,741.12,904.44,4.4,3.2,3.8,2.55,2.55,2.91,19.0,8.952,8.952,5.255,90.0,90.0,90.0,959.0,0.814815,1,24.0,34.0,2.0,8.0,6.0,12.0
BEA,779.31,1220.45,779.37,1220.55,857.32,20.52,857.32,20.52,1865.08,1865.23,6.9,6.7,6.68,5.95,5.95,5.95,15.3,12.632,12.632,26.186,90.0,90.0,90.0,805.0,0.704545,3,192.0,56.0,12.0,36.0,78.0,138.0
BEC,394.4,1235.31,398.12,1246.96,448.15,21.18,448.26,21.18,1863.71,1881.3,7.2,7.2,6.95,6.09,6.09,6.09,15.1,12.77,12.77,12.977,90.0,90.0,90.0,764.0,0.65664,3,96.0,62.0,6.0,10.0,14.0,10.0
BIK,88.13,736.06,88.13,736.08,25.49,3.96,25.49,3.96,1370.79,1370.84,4.8,3.6,4.17,2.55,1.56,3.55,18.7,7.54,16.222,5.256,90.0,90.0,90.0,1052.0,0.907407,1,36.0,12.0,2.0,25.0,13.0,61.0
BOF,202.04,843.74,202.04,843.74,118.96,9.06,118.96,9.06,1538.13,1538.13,6.2,4.3,5.58,4.67,1.77,1.77,18.3,7.503,12.773,13.706,90.0,90.0,90.0,880.0,,1,72.0,20.0,2.0,20.0,10.0,58.0
BOG,1058.29,1104.9,1058.29,1104.9,1083.77,18.13,1083.77,18.13,1770.05,1770.05,7.4,7.4,8.05,6.88,4.92,4.92,16.1,20.014,23.58,12.669,90.0,90.0,90.0,781.0,0.659922,2,288.0,108.0,0.0,103.0,127.0,269.0
BOZ,1914.74,2085.99,1914.74,2085.99,1583.94,22.27,1583.94,22.27,2692.23,2692.23,9.3,5.4,8.71,4.92,3.68,4.92,12.9,14.1488,35.7082,14.077,90.0,90.0,90.0,748.0,,3,276.0,44.0,12.0,192.0,56.0,528.0
BPH,395.94,1417.31,395.94,1417.31,414.63,21.65,414.63,21.65,2067.81,2067.81,10.1,6.7,9.51,3.51,3.51,6.01,14.6,13.057,13.057,12.969,90.0,90.0,120.0,667.0,0.56875,3,84.0,24.0,6.0,21.0,11.0,42.0
BRE,142.13,890.36,142.13,890.36,59.8,6.84,59.8,6.84,1626.29,1626.29,5.9,3.5,5.29,2.74,1.64,2.96,18.3,6.76,17.093,7.603,90.0,95.827,90.0,901.0,0.778031,2,48.0,10.0,2.0,12.0,6.0,35.0
BSV,850.0,887.44,850.0,887.44,338.28,6.59,338.28,6.59,1655.39,1655.39,,,5.17,3.84,3.84,3.84,18.7,17.252,17.252,17.252,90.0,90.0,90.0,831.0,,3,,,,,,
CAN,74.1,618.93,122.85,1026.11,59.72,8.41,71.75,10.1,1043.3,1729.66,6.6,6.6,6.27,2.53,2.53,5.96,16.9,12.494,12.494,5.254,90.0,90.0,120.0,817.0,0.693333,1,36.0,35.0,2.0,6.0,8.0,13.0
CAS,154.22,644.04,154.22,644.04,50.57,3.95,50.57,3.95,1205.22,1205.22,5.7,3.5,5.05,2.97,2.21,2.45,18.8,5.256,14.132,17.227,90.0,90.0,90.0,1042.0,0.895949,1,72.0,23.0,4.0,30.0,20.0,66.0
CDO,341.32,950.29,341.32,950.29,155.84,7.82,155.84,7.82,1711.75,1711.75,6.4,3.9,5.78,3.44,1.52,3.35,18.1,7.557,18.715,14.099,90.0,90.0,90.0,1053.0,0.930227,2,108.0,14.0,12.0,28.0,24.0,92.0
CFI,232.18,727.22,280.74,879.32,255.41,13.38,263.58,13.81,1216.67,1471.14,7.5,7.4,7.47,2.62,7.26,2.4,16.8,13.961,5.264,25.967,90.0,90.0,90.0,892.0,0.765153,1,96.0,62.0,5.0,23.0,29.0,37.0
CGF,126.31,351.67,253.2,704.95,55.81,2.95,113.13,5.97,666.62,1336.29,6.4,3.5,5.76,2.29,1.46,3.03,19.0,15.501,16.902,7.273,90.0,96.07,90.0,819.0,0.695238,2,108.0,88.0,4.0,44.0,32.0,110.0
CGS,375.41,1175.84,375.41,1175.84,201.07,10.62,201.07,10.62,1981.88,1981.88,6.5,4.3,5.86,4.01,2.97,2.97,16.9,8.444,14.083,15.929,90.0,90.0,90.0,718.0,0.613333,3,96.0,40.0,4.0,39.0,26.0,131.0
CHA,525.79,1463.85,530.01,1475.61,413.04,17.27,413.35,17.28,2198.53,2216.19,8.0,4.2,7.37,3.72,3.72,3.72,15.1,13.675,13.675,14.767,90.0,90.0,120.0,677.0,0.566667,3,108.0,36.0,6.0,42.0,21.0,126.0
CHI,132.2,473.21,132.2,473.21,33.7,2.39,33.7,2.39,937.42,937.42,4.0,4.0,3.93,3.63,1.25,1.51,19.9,5.01,31.234,9.012,90.0,90.0,90.0,913.0,0.833441,1,88.0,27.0,5.0,4.0,9.0,4.0
CLO,3839.95,2004.54,3839.95,2004.54,5824.3,33.76,5824.3,33.76,2225.61,2225.61,16.4,7.0,15.72,6.31,6.31,6.31,11.1,25.84,25.84,25.84,90.0,90.0,90.0,456.0,0.44329,3,588.0,369.0,44.0,184.0,234.0,989.0
CON,663.44,1187.42,663.44,1187.42,683.92,19.18,683.92,19.18,1860.28,1860.28,8.1,6.2,7.45,4.89,4.89,5.6,15.7,22.684,13.373,12.553,90.0,69.479,90.0,784.0,0.670229,3,168.0,86.0,11.0,44.0,74.0,142.0
CSV,,,,,,,,,,,,,,,,,16.2,13.02702,11.18216,9.21893,92.35,107.3,104.5,757.0,,2,,,,,,
CZP,142.11,593.46,142.11,593.46,44.68,3.97,44.68,3.97,1261.6,1261.6,4.2,,4.26,1.25,1.25,3.68,20.6,9.355,9.355,14.862,90.0,90.0,120.0,885.0,0.8,1,72.0,156.0,0.0,18.0,36.0,60.0
DAC,261.51,1092.11,261.51,1092.11,130.63,9.5,130.63,9.5,1901.67,1901.67,5.8,4.8,5.28,1.57,4.19,3.66,17.5,18.574,7.542,10.377,90.0,108.917,90.0,977.0,0.84119,2,72.0,28.0,2.0,8.0,8.0,12.0
DDR,803.48,671.09,1062.91,887.78,618.22,9.21,706.02,10.51,1196.39,1582.69,8.3,3.3,7.66,3.65,3.65,2.63,17.9,13.795,13.795,40.75,90.0,90.0,120.0,968.0,0.850801,2,360.0,69.0,18.0,36.0,30.0,90.0
DFO,1702.48,1292.7,1702.48,1292.7,1950.88,22.01,1950.88,22.01,1920.48,1920.48,11.9,7.8,11.29,5.08,5.08,7.19,14.9,21.995,21.995,21.159,90.0,90.0,120.0,664.0,0.576042,3,396.0,285.0,26.0,121.0,92.0,260.0
DFT,93.15,1167.06,93.15,1167.06,29.74,6.58,29.74,6.58,2062.47,2062.47,5.7,4.3,5.1,3.07,3.07,3.65,17.7,7.075,7.075,9.023,90.0,90.0,90.0,840.0,0.711111,3,24.0,32.0,2.0,5.0,6.0,13.0
DOH,0.0,0.0,338.65,998.3,0.0,0.0,219.72,10.96,0.0,1688.85,8.5,3.3,7.85,2.55,2.55,2.62,17.0,14.19,14.19,11.499,90.0,90.0,120.0,1002.0,0.882191,0,102.0,37.0,6.0,22.0,16.0,50.0
DON,417.23,653.41,422.7,661.97,582.78,15.59,583.03,15.6,1116.2,1130.84,8.7,8.7,8.79,2.19,1.79,8.07,17.1,18.89,23.365,8.469,90.0,90.0,90.0,851.0,0.72892,1,192.0,88.0,8.0,82.0,102.0,210.0
EAB,458.05,1275.26,458.19,1275.66,323.11,14.32,323.11,14.32,2029.77,2030.41,7.4,3.4,7.14,3.54,3.54,2.5,16.0,13.178,13.178,15.005,90.0,90.0,120.0,735.0,0.628571,2,108.0,46.0,4.0,40.0,30.0,96.0
EDI,69.74,1397.95,69.74,1397.95,29.27,9.52,29.27,9.52,2268.03,2268.03,6.4,4.1,5.72,3.2,3.2,3.44,16.3,6.926,6.926,6.41,90.0,90.0,90.0,786.0,0.666667,3,15.0,12.0,1.0,7.0,4.0,17.0
EEI,1406.41,704.81,1463.77,733.55,1044.49,9.36,1050.3,9.42,1260.95,1312.38,,,6.96,3.11,2.15,2.23,17.9,13.8761,35.745,22.4869,90.0,90.0,90.0,1009.0,,1,,,,,,
EMT,1160.53,1211.65,1337.69,1396.6,1973.81,27.39,2060.01,28.58,1610.22,1856.02,12.2,8.0,11.55,6.54,6.54,7.37,13.3,17.215,17.215,28.082,90.0,90.0,120.0,584.0,0.493095,3,288.0,164.0,16.0,60.0,97.0,283.0
EON,622.17,1039.32,622.17,1039.32,444.77,12.48,444.77,12.48,1746.2,1746.2,7.3,7.3,7.83,6.79,3.24,1.9,16.8,7.571,18.148,25.932,90.0,90.0,90.0,873.0,0.769676,2,180.0,53.0,4.0,30.0,24.0,56.0
EPI,253.39,1058.21,253.39,1058.21,122.71,9.04,122.71,9.04,1867.09,1867.09,6.1,4.1,5.47,3.62,1.25,3.48,17.7,9.127,17.48,10.377,90.0,124.939,90.0,979.0,0.845059,2,72.0,11.0,2.0,10.0,7.0,36.0
ERI,419.59,1168.2,425.89,1185.74,338.14,15.1,338.64,15.12,1873.63,1901.76,7.7,3.3,7.04,3.42,3.42,3.42,16.1,13.054,13.054,15.175,90.0,90.0,120.0,738.0,0.628571,3,108.0,58.0,6.0,32.0,18.0,84.0
ESV,367.63,767.64,438.79,916.23,226.17,8.36,242.69,8.97,1359.44,1622.59,6.9,3.7,6.22,1.78,3.66,1.78,17.7,9.686,12.226,22.836,90.0,90.0,90.0,875.0,0.754994,1,144.0,20.0,8.0,30.0,22.0,80.0
ETR,552.54,1153.76,552.54,1153.76,589.31,18.97,589.31,18.97,1778.48,1778.48,10.0,10.0,10.05,2.85,2.85,9.33,15.4,20.634,20.634,8.426,90.0,90.0,120.0,675.0,0.5767,3,144.0,123.0,2.0,30.0,28.0,50.0
EUO,928.38,830.8,971.88,869.73,800.87,12.24,805.89,12.32,1419.37,1485.88,6.7,5.6,7.0,4.99,1.98,2.5,17.1,13.901,22.861,20.582,90.0,90.0,90.0,965.0,0.872973,1,336.0,72.0,20.0,96.0,100.0,209.0
EWT,,,,,,,,,,,,,,,,,14.5,19.80114,19.80114,14.18779,90.0,90.0,120.0,692.0,,3,,,,,,
EZT,422.14,881.46,422.82,882.89,366.76,13.14,366.77,13.14,1512.62,1515.08,6.8,6.8,6.57,6.13,2.12,2.12,17.2,10.233,12.558,21.717,90.0,90.0,90.0,754.0,0.639,1,144.0,128.0,8.0,22.0,40.0,54.0
FAR,0.0,0.0,821.34,980.01,0.0,0.0,473.1,9.63,0.0,1671.05,6.7,2.7,6.36,2.47,2.47,2.26,17.1,12.601,12.601,35.743,90.0,90.0,120.0,806.0,0.693,0,252.0,256.0,16.0,84.0,52.0,172.0
FAU,2320.63,1211.42,2678.25,1398.11,3956.18,27.42,4128.07,28.61,1608.34,1856.19,11.9,6.7,11.24,7.35,7.35,7.35,13.3,24.345,24.345,24.345,90.0,90.0,90.0,579.0,0.47619,3,576.0,304.0,32.0,208.0,96.0,496.0
FER,343.76,957.07,343.76,957.07,205.34,10.01,205.34,10.01,1675.85,1675.85,7.0,5.3,6.31,1.56,3.4,4.69,17.6,19.018,14.303,7.541,90.0,90.0,90.0,1021.0,0.887635,2,108.0,38.0,10.0,16.0,17.0,31.0
FRA,0.0,0.0,754.55,1260.45,0.0,0.0,460.35,12.0,0.0,1967.66,7.3,3.3,6.67,2.7,2.7,2.66,17.1,12.916,12.916,26.543,90.0,90.0,120.0,802.0,0.683983,0,180.0,176.0,10.0,150.0,51.0,300.0
GIS,239.29,1498.98,239.29,1498.98,91.5,9.38,91.5,9.38,2452.32,2452.32,5.6,3.9,4.97,3.32,3.32,3.32,16.4,9.801,9.801,10.158,90.0,90.0,90.0,726.0,0.611111,3,48.0,8.0,4.0,24.0,12.0,72.0
GIU,0.0,0.0,919.13,959.61,0.0,0.0,538.19,9.6,0.0,1640.12,7.0,2.9,6.32,2.59,2.59,2.32,17.1,12.559,12.559,41.026,90.0,90.0,120.0,811.0,0.69333,0,288.0,296.0,16.0,138.0,78.0,320.0
GME,350.28,1462.85,353.86,1477.79,275.64,17.29,275.88,17.3,2196.8,2219.24,7.7,7.7,7.76,3.41,3.41,7.11,15.1,13.672,13.672,9.85,90.0,90.0,120.0,694.0,0.585714,3,72.0,36.0,4.0,28.0,27.0,74.0
GON,164.26,514.49,170.46,533.9,137.45,8.12,137.76,8.14,970.87,1007.49,6.0,6.0,6.32,1.68,1.68,5.45,17.7,16.5,20.185,5.08,90.0,90.0,90.0,926.0,0.787372,1,96.0,69.0,6.0,9.0,15.0,13.0
GOO,271.24,849.56,271.24,849.56,81.51,4.83,81.51,4.83,1607.3,1607.3,5.1,3.6,4.51,3.22,3.22,2.84,19.0,8.748,11.039,17.475,90.0,90.0,90.0,840.0,0.716755,3,96.0,83.0,4.0,51.0,89.0,201.0
HEU,393.77,1096.31,393.77,1096.31,193.53,9.42,193.53,9.42,1916.34,1916.34,6.6,4.3,5.97,3.05,1.34,3.67,17.5,17.523,17.644,7.401,90.0,116.104,90.0,909.0,0.778254,2,108.0,24.0,4.0,24.0,16.0,72.0
IFO,251.04,786.28,251.04,786.28,311.71,16.89,311.71,16.89,1359.86,1359.86,,,7.76,7.22,1.97,1.09,17.3,16.43882,4.9453,22.78303,90.0,90.0,90.0,766.0,,1,,,,,,
IFR,296.93,930.01,296.93,930.01,289.87,15.54,289.87,15.54,1591.72,1591.72,6.3,6.3,7.24,1.64,1.3,6.38,17.2,18.628,13.436,7.629,90.0,102.322,90.0,798.0,0.678236,1,96.0,38.0,12.0,12.0,20.0,12.0
IFW,691.22,1082.49,692.03,1083.77,729.09,17.99,729.1,17.99,1705.81,1707.82,,,7.7,3.28,3.28,5.63,15.8,21.6651,18.23075,12.48474,90.0,124.7398,90.0,827.0,,3,,,,,,
IFY,432.68,903.48,479.3,1000.83,288.92,10.62,303.03,11.14,1590.87,1762.27,,,6.94,3.83,3.83,2.22,17.6,15.15117,15.15117,11.848,90.0,90.0,90.0,760.0,,3,,,,,,
IHW,826.94,740.03,826.94,740.03,588.13,9.7,588.13,9.7,1363.55,1363.55,6.2,4.0,6.67,3.67,1.58,3.67,18.5,13.747,24.069,18.329,90.0,90.0,90.0,1013.0,0.898963,2,336.0,88.0,24.0,31.0,44.0,31.0
IMF,2551.31,887.89,2573.37,895.57,1997.01,12.12,1999.13,12.14,1548.85,1562.25,8.0,5.9,7.34,5.44,1.84,5.2,17.5,14.296,56.788,20.29,90.0,90.0,90.0,964.0,0.846,3,864.0,188.0,63.0,204.0,249.0,438.0
IRN,1064.86,1160.1,1155.33,1258.66,1063.59,17.71,1088.25,18.12,1773.17,1923.82,,,9.17,2.05,3.64,2.81,15.3,19.64099,18.45742,16.56554,90.0,90.0,90.0,754.0,,1,,,,,,
IRR,793.81,1530.03,793.81,1530.03,1671.52,37.79,1671.52,37.79,1794.78,1794.78,12.8,12.8,14.46,6.0,6.0,12.12,11.8,19.031,19.031,14.101,90.0,90.0,120.0,552.0,,3,156.0,74.0,9.0,22.0,59.0,229.0
IRY,1253.8,1653.51,1253.8,1653.51,2800.51,40.9,2800.51,40.9,1831.08,1831.08,,,11.33,9.35,9.35,8.67,11.1,15.9499,15.9499,31.0796,90.0,90.0,120.0,522.0,,3,,,,,,
ISV,795.34,1245.55,796.85,1247.92,907.88,21.34,907.92,21.34,1869.09,1872.64,6.9,6.2,7.01,6.32,6.32,6.28,15.0,12.874,12.874,25.674,90.0,90.0,90.0,772.0,0.694533,3,192.0,108.0,10.0,34.0,46.0,70.0
ITE,746.78,1169.51,746.78,1169.51,669.74,16.45,669.74,16.45,1834.36,1834.36,8.9,4.9,8.3,2.07,4.21,2.8,15.7,20.753,9.804,20.009,90.0,90.0,90.0,824.0,0.711802,2,192.0,16.0,12.0,56.0,28.0,132.0
ITG,607.31,1086.95,607.97,1088.13,530.92,15.72,530.93,15.72,1798.28,1800.23,,,7.0,5.0,6.3,5.21,16.6,12.7411,12.6989,20.9991,90.0,96.29,90.0,832.0,,3,,,,,,
ITH,525.64,940.78,525.64,940.78,372.46,11.59,372.46,11.59,1635.6,1635.6,7.4,5.6,6.72,3.53,5.13,4.99,17.4,12.566,11.662,21.93,90.0,90.0,90.0,910.0,0.799546,3,168.0,96.0,12.0,16.0,32.0,28.0
ITN,648.5,1203.67,648.5,1203.67,566.33,16.74,566.33,16.74,1917.05,1917.05,,,6.95,4.86,4.54,4.7,16.0,24.2005,12.5399,14.2502,72.599,123.128,90.0,842.0,,3,,,,,,
ITR,1060.02,948.61,1060.3,948.86,761.12,11.79,761.13,11.79,1642.25,1642.68,6.5,5.6,6.36,5.12,5.12,3.58,17.4,11.673,21.969,25.17,90.0,90.0,90.0,907.0,,3,336.0,184.0,24.0,95.0,101.0,182.0
ITT,394.88,860.39,394.88,860.39,777.71,25.1,777.71,25.1,1274.36,1274.36,,,11.74,2.29,2.29,11.2,12.8,18.86773,18.86773,11.63328,90.0,90.0,120.0,625.0,,3,,,,,,
ITV,3846.36,2007.88,3846.36,2007.88,6887.88,37.82,6887.88,37.82,2111.97,2111.97,,,9.32,6.98,6.98,6.98,10.5,26.31,26.31,26.31,90.0,90.0,90.0,328.0,,3,,,,,,
ITW,247.24,1032.5,247.24,1032.5,106.05,7.83,106.05,7.83,1825.84,1825.84,5.4,3.4,4.73,2.78,1.54,3.95,17.7,10.45,15.028,8.954,90.0,105.64,90.0,901.0,0.769167,2,72.0,26.0,4.0,13.0,14.0,42.0
IWR,669.7,1198.62,669.7,1198.62,692.87,19.35,692.87,19.35,1870.55,1870.55,8.1,6.5,7.48,4.86,4.86,5.91,15.6,21.233,13.302,12.676,90.0,90.0,90.0,759.0,0.651,3,168.0,120.0,6.0,32.0,43.0,66.0
IWS,1701.32,1253.83,1708.99,1259.48,2132.56,23.19,2133.17,23.2,1850.39,1858.73,7.1,7.1,8.25,6.38,6.38,6.66,14.8,26.689,26.689,12.908,90.0,90.0,90.0,738.0,,3,408.0,192.0,30.0,56.0,62.0,88.0
IWV,1697.65,1119.42,1705.35,1124.5,2254.57,22.28,2254.96,22.28,1677.59,1685.2,8.1,7.1,8.54,2.06,7.03,7.03,15.0,27.826,26.081,13.944,90.0,90.0,90.0,802.0,0.7,2,456.0,112.0,28.0,72.0,96.0,72.0
IWW,1195.68,1070.01,1195.68,1070.01,1030.66,15.3,1030.66,15.3,1774.78,1774.78,7.2,6.9,7.07,4.91,4.91,6.25,16.6,41.691,12.713,12.711,90.0,90.0,90.0,849.0,0.756633,3,336.0,176.0,16.0,58.0,96.0,125.0
JBW,43.92,733.63,43.92,733.63,13.35,4.18,13.35,4.18,1374.64,1374.64,3.8,3.8,4.29,3.72,2.53,1.46,18.8,5.256,7.45,8.159,90.0,90.0,90.0,890.0,0.753333,1,18.0,10.0,0.0,14.0,8.0,20.0
JNT,,,,,,,,,,,,,,,,,20.5,8.2065,14.1364,15.40456,90.0,119.27,90.0,893.0,,2,,,,,,
JOZ,297.97,1493.27,297.97,1493.27,91.66,7.5,91.66,7.5,2438.18,2438.18,5.6,3.9,4.92,3.09,3.5,3.09,16.4,7.1386,12.7091,13.4705,90.0,90.0,90.0,866.0,,3,60.0,12.0,4.0,42.0,16.0,88.0
JRY,196.71,821.5,196.71,821.5,87.87,6.76,87.87,6.76,1514.22,1514.22,5.2,3.9,4.59,2.05,4.4,1.75,18.5,8.165,9.2,17.294,90.0,90.0,90.0,902.0,,1,72.0,72.0,2.0,24.0,18.0,70.0
JSN,154.19,965.87,154.19,965.87,72.02,8.04,72.02,8.04,1722.22,1722.22,5.8,4.0,5.12,1.59,2.75,3.46,17.9,8.7172,6.9231,14.946,90.0,96.992,90.0,785.0,,2,48.0,18.0,5.0,20.0,17.0,68.0
JSR,6143.1,2137.89,6143.1,2137.89,6585.21,28.09,6585.21,28.09,2620.13,2620.13,,,7.83,5.05,5.05,5.05,12.3,19.84503,19.84503,19.84503,90.0,90.0,90.0,661.0,,3,,,,,,
JST,977.6,2041.31,977.6,2041.31,482.64,14.39,482.64,14.39,2914.04,2914.04,6.0,3.8,5.35,3.74,3.74,3.74,14.3,14.97,14.97,14.97,90.0,90.0,90.0,747.0,,3,144.0,40.0,12.0,48.0,40.0,144.0
JSW,0.0,0.0,366.37,765.01,0.0,0.0,174.97,6.71,0.0,1405.75,6.0,2.2,5.38,1.92,2.6,1.65,18.4,16.0185,9.6655,16.8331,90.0,90.0,90.0,852.0,,1,144.0,108.0,4.0,31.0,32.0,62.0
KFI,1363.32,1423.37,1373.96,1434.48,1148.34,17.91,1149.13,17.92,2126.19,2142.78,11.3,4.7,10.67,4.04,4.04,4.04,15.0,18.578,18.578,18.578,90.0,90.0,90.0,681.0,0.571429,3,288.0,184.0,16.0,50.0,30.0,191.0
LAU,202.71,846.53,202.71,846.53,127.63,9.57,127.63,9.57,1519.99,1519.99,5.5,2.8,6.04,2.09,2.09,4.07,18.0,14.587,12.877,7.613,90.0,111.159,90.0,782.0,0.658201,1,72.0,80.0,0.0,18.0,33.0,57.0
LEV,688.45,1277.82,688.83,1278.52,485.54,14.32,485.55,14.32,2030.57,2031.68,7.7,3.4,7.1,3.53,3.53,2.5,15.9,13.168,13.168,22.578,90.0,90.0,120.0,719.0,0.605714,2,162.0,51.0,9.0,63.0,39.0,162.0
LIO,0.0,0.0,323.6,900.94,0.0,0.0,172.43,8.45,0.0,1584.87,6.3,2.5,6.05,2.37,2.37,2.29,17.6,12.281,12.281,15.632,90.0,90.0,120.0,816.0,0.693333,0,108.0,96.0,6.0,24.0,23.0,54.0
LIT,0.0,0.0,21.6,90.19,0.0,0.0,1.3,0.1,0.0,173.03,3.4,2.4,3.24,1.51,1.81,1.53,19.2,14.844,8.594,9.784,90.0,90.0,90.0,768.0,0.655555,0,76.0,24.0,6.0,19.0,30.0,35.0
LOS,0.0,0.0,246.26,1028.42,0.0,0.0,147.98,10.4,0.0,1730.29,7.0,3.1,6.36,2.56,2.56,2.56,16.9,12.607,12.607,10.34,90.0,90.0,120.0,816.0,0.693333,0,72.0,56.0,4.0,35.0,21.0,86.0
LOV,226.15,1259.25,226.15,1259.25,81.03,7.57,81.03,7.57,2111.34,2111.34,5.8,3.4,5.15,3.78,3.78,3.77,16.8,7.163,7.163,20.876,90.0,90.0,90.0,879.0,0.754446,3,54.0,61.0,3.0,20.0,15.0,85.0
LTA,288.51,1204.87,341.67,1426.89,362.92,21.43,390.99,23.09,1703.9,2017.87,11.7,4.9,11.05,4.21,4.21,4.21,14.2,11.919,11.919,11.919,90.0,90.0,90.0,641.0,0.533333,3,72.0,98.0,5.0,71.0,16.0,142.0
LTF,1038.94,964.18,1126.48,1045.42,716.62,11.21,733.81,11.48,1624.8,1761.7,8.1,8.1,8.16,3.25,3.25,7.5,16.9,31.167,31.167,7.601,90.0,90.0,120.0,825.0,,3,324.0,102.0,12.0,86.0,59.0,182.0
LTJ,143.92,901.54,143.92,901.54,30.67,3.56,30.67,3.56,1668.18,1668.18,3.7,3.7,4.1,3.12,3.12,3.12,18.5,9.25,9.25,10.083,90.0,90.0,90.0,897.0,,3,48.0,40.0,0.0,18.0,32.0,43.0
LTL,249.49,694.6,267.89,745.84,330.95,15.37,332.66,15.45,1158.74,1244.23,10.7,8.1,10.01,2.08,2.08,7.5,16.7,18.126,18.126,7.567,90.0,90.0,120.0,746.0,0.619048,1,108.0,89.0,14.0,17.0,25.0,46.0
LTN,0.0,0.0,7408.52,966.85,0.0,0.0,5292.44,11.71,0.0,1638.99,10.8,2.4,10.13,2.08,2.08,2.08,17.0,35.622,35.622,35.622,90.0,90.0,90.0,779.0,0.698452,0,2304.0,1424.0,128.0,702.0,534.0,2096.0
MAR,0.0,0.0,624.27,869.02,0.0,0.0,337.77,8.34,0.0,1540.64,7.0,3.0,6.35,2.43,2.43,2.43,17.6,12.392,12.392,30.469,90.0,90.0,120.0,808.0,0.693333,0,216.0,216.0,12.0,31.0,33.0,83.0
MAZ,385.53,1073.36,385.53,1073.36,275.01,12.72,275.01,12.72,1783.34,1783.34,8.1,8.1,8.09,3.25,3.25,7.5,16.7,18.102,18.102,7.618,90.0,90.0,120.0,823.0,0.697032,1,108.0,33.0,2.0,28.0,18.0,54.0
MEI,486.87,1435.24,486.87,1435.24,489.19,21.11,489.19,21.11,2100.48,2100.48,7.5,7.5,8.06,2.99,2.99,6.9,14.7,13.114,13.114,15.563,90.0,90.0,120.0,728.0,0.630682,3,102.0,12.0,4.0,34.0,18.0,50.0
MEL,857.53,895.3,857.78,895.56,701.92,12.69,701.92,12.69,1550.71,1551.16,8.4,5.7,7.72,5.19,5.19,5.19,17.4,20.27,20.27,13.459,90.0,90.0,90.0,944.0,0.808638,3,288.0,80.0,20.0,83.0,82.0,157.0
MEP,0.0,0.0,404.08,880.43,0.0,0.0,204.49,7.94,0.0,1569.73,6.1,2.3,5.49,1.72,1.72,1.72,17.9,13.705,13.705,13.705,90.0,90.0,90.0,1059.0,0.955379,0,138.0,18.0,8.0,6.0,14.0,12.0
MER,439.29,1375.92,439.29,1375.92,202.62,10.37,202.62,10.37,2247.78,2247.78,7.3,4.8,6.65,3.12,3.12,4.2,16.4,14.012,14.012,9.954,90.0,90.0,90.0,738.0,0.622222,3,96.0,80.0,10.0,16.0,18.0,28.0
MFI,799.21,834.41,799.21,834.41,511.01,9.81,511.01,9.81,1533.61,1533.61,7.0,5.0,6.36,4.7,4.46,4.46,18.4,20.09,19.738,13.142,90.0,90.0,90.0,960.0,0.825819,3,288.0,64.0,12.0,81.0,65.0,141.0
MFS,341.86,951.79,341.86,951.79,226.26,10.96,226.26,10.96,1656.49,1656.49,6.0,6.0,6.81,5.37,3.2,1.57,17.4,7.543,14.388,19.016,90.0,90.0,90.0,995.0,0.86632,2,108.0,17.0,6.0,28.0,24.0,48.0
MON,192.01,1202.81,192.01,1202.81,54.24,5.98,54.24,5.98,2117.88,2117.88,4.9,3.5,4.24,3.54,3.54,3.54,17.6,7.135,7.135,17.809,90.0,90.0,90.0,1033.0,0.885802,2,48.0,15.0,4.0,24.0,16.0,72.0
MOR,483.8,1010.22,483.8,1010.22,346.86,12.27,346.86,12.27,1711.21,1711.21,6.5,6.5,6.7,1.57,2.95,6.45,17.0,18.256,20.534,7.542,90.0,90.0,90.0,938.0,0.80234,1,144.0,40.0,4.0,24.0,16.0,40.0
MOZ,881.26,817.84,924.04,857.55,835.12,13.12,838.84,13.18,1384.21,1451.41,10.7,8.2,10.03,3.42,3.42,7.54,17.0,31.202,31.202,7.551,90.0,90.0,120.0,757.0,0.642857,3,324.0,260.0,28.0,72.0,64.0,187.0
MRE,211.07,440.74,211.07,440.74,160.1,6.55,160.1,6.55,864.16,864.16,6.2,6.2,6.36,5.59,2.0,1.81,19.7,8.257,14.562,20.314,90.0,90.0,90.0,1003.0,,1,144.0,72.0,16.0,75.0,84.0,125.0
MSE,1138.73,1019.04,1164.24,1041.87,1122.27,16.4,1124.25,16.43,1663.89,1701.17,7.2,7.2,7.09,5.0,5.0,6.59,16.4,18.246,18.246,20.557,90.0,90.0,90.0,867.0,0.753,3,336.0,168.0,20.0,63.0,89.0,141.0
MSO,0.0,0.0,646.62,720.11,0.0,0.0,557.13,11.04,0.0,1280.84,7.9,2.6,7.23,2.09,2.09,2.09,17.8,17.165,17.165,19.785,90.0,90.0,120.0,822.0,0.694444,0,270.0,183.0,12.0,112.0,57.0,212.0
MTF,217.89,496.34,217.89,496.34,141.32,6.66,141.32,6.66,1027.09,1027.09,6.9,4.6,6.25,1.58,1.49,4.03,20.7,9.629,30.394,7.249,90.0,90.45,90.0,1083.0,0.942112,1,132.0,29.0,2.0,13.0,13.0,33.0
MTN,0.0,0.0,1314.85,969.01,0.0,0.0,807.88,10.2,0.0,1660.19,8.0,2.5,7.44,2.61,2.61,2.61,17.2,19.933,19.933,19.933,90.0,90.0,90.0,1049.0,0.92759,0,408.0,112.0,24.0,96.0,56.0,240.0
MTT,167.67,700.24,168.53,703.8,105.14,7.98,105.15,7.98,1271.99,1278.46,5.7,5.7,6.19,5.07,2.2,1.53,18.2,5.256,22.031,11.384,90.0,90.0,90.0,1015.0,0.883181,1,72.0,28.0,12.0,36.0,37.0,58.0
MTW,193.38,692.22,206.68,739.84,144.66,9.42,146.61,9.55,1259.18,1345.8,6.3,6.3,6.08,1.27,5.68,2.41,18.2,25.552,5.256,12.117,90.0,109.312,90.0,912.0,0.776004,1,84.0,56.0,2.0,32.0,32.0,60.0
MVY,37.94,316.92,37.94,316.92,5.74,1.0,5.74,1.0,663.33,663.33,4.4,3.1,3.76,2.94,1.8,1.27,21.0,5.021,8.151,13.977,90.0,90.0,90.0,935.0,,1,36.0,34.0,2.0,4.0,6.0,12.0
MWW,837.58,1165.96,841.6,1171.55,787.64,17.43,788.19,17.44,1853.56,1862.46,10.3,5.2,9.69,4.92,4.92,2.6,15.9,14.39,14.39,25.198,90.0,90.0,120.0,851.0,0.752127,2,216.0,100.0,14.0,34.0,30.0,46.0
NAB,161.18,1615.53,161.18,1615.53,43.84,7.05,43.84,7.05,2593.32,2593.32,5.0,3.2,4.31,3.57,3.57,3.57,16.1,7.184,7.184,12.043,90.0,90.0,90.0,873.0,0.740741,3,30.0,28.0,1.0,20.0,11.0,91.0
NAT,306.88,1537.9,306.88,1537.9,111.55,9.06,111.55,9.06,2491.91,2491.91,4.5,4.5,4.52,2.99,2.99,4.38,16.2,13.85,13.85,6.42,90.0,90.0,90.0,834.0,0.740741,3,60.0,52.0,0.0,45.0,83.0,163.0
NES,1348.53,993.83,1386.86,1022.08,1232.9,14.91,1237.22,14.96,1630.4,1676.75,6.6,5.7,7.04,5.07,5.07,2.06,16.4,26.06,13.884,22.86,90.0,90.0,90.0,922.0,0.818688,2,408.0,96.0,24.0,95.0,104.0,126.0
NON,0.0,0.0,695.27,791.88,0.0,0.0,441.37,8.85,0.0,1393.95,7.1,2.9,6.5,2.27,2.3,2.3,17.6,22.862,15.656,13.935,90.0,90.0,90.0,1038.0,0.915319,0,264.0,48.0,20.0,118.0,64.0,236.0
NPO,32.6,544.61,35.52,593.35,8.97,2.8,9.19,2.87,1016.69,1107.67,4.3,4.3,4.23,2.08,2.08,3.71,15.9,8.391,8.391,5.259,90.0,90.0,120.0,869.0,0.75,1,18.0,47.0,2.0,12.0,8.0,20.0
NPT,5894.9,2051.51,5894.9,2051.51,4062.49,19.05,4062.49,19.05,2763.67,2763.67,10.9,4.2,10.28,3.56,3.56,3.56,13.5,13.883,13.883,13.883,90.0,90.0,90.0,774.0,,3,864.0,464.0,40.0,640.0,200.0,1672.0
NSI,86.96,726.3,86.96,726.3,22.24,3.48,22.24,3.48,1360.96,1360.96,4.8,3.4,4.16,2.6,3.3,2.45,18.8,14.129,5.253,8.928,90.0,105.368,90.0,1016.0,0.869213,2,36.0,16.0,2.0,28.0,14.0,68.0
OBW,1644.51,2168.77,1644.51,2168.77,1357.18,22.73,1357.18,22.73,2753.99,2753.99,9.9,5.3,9.26,5.18,5.18,3.62,12.7,13.914,13.914,30.844,90.0,90.0,90.0,756.0,0.689892,3,228.0,60.0,10.0,142.0,50.0,421.0
OFF,209.5,1166.54,212.77,1184.77,168.75,15.09,169.06,15.12,1873.95,1903.23,7.3,7.3,7.0,3.43,3.43,6.61,16.1,13.063,13.063,7.565,90.0,90.0,120.0,739.0,0.628571,3,54.0,35.0,3.0,13.0,10.0,33.0
OKO,611.07,900.69,611.07,900.69,557.21,14.34,557.21,14.34,1573.07,1573.07,,,6.7,1.34,5.1,5.9,17.5,24.06381,13.83322,12.3516,90.0,109.1282,90.0,949.0,,2,,,,,,
OSI,199.35,624.39,213.9,669.97,173.28,9.6,175.85,9.75,1104.96,1185.62,6.9,6.9,6.66,2.44,2.44,6.28,17.7,18.506,18.506,5.268,90.0,90.0,90.0,892.0,0.777778,1,96.0,80.0,4.0,23.0,31.0,31.0
OSO,179.48,1998.77,179.48,1998.77,134.77,19.95,134.77,19.95,2656.22,2656.22,6.7,4.2,6.07,3.41,3.41,5.87,13.3,10.101,10.101,7.647,90.0,90.0,120.0,747.0,0.645,3,27.0,25.0,1.0,6.0,8.0,21.0
OWE,184.74,1157.24,184.74,1157.24,96.71,10.35,96.71,10.35,1977.83,1977.83,6.4,4.4,5.78,3.79,3.6,1.82,17.1,14.355,7.166,9.08,90.0,90.0,90.0,809.0,0.685714,2,48.0,38.0,2.0,7.0,11.0,24.0
PAR,214.45,671.7,214.45,671.7,64.43,3.67,64.43,3.67,1221.02,1221.02,4.9,2.7,4.21,1.07,1.8,3.61,19.5,21.555,8.761,9.304,90.0,91.55,90.0,773.0,0.664915,1,100.0,40.0,2.0,12.0,10.0,41.0
PAU,9906.83,1477.6,9906.83,1477.6,5237.48,12.39,5237.48,12.39,2343.02,2343.02,11.1,4.7,10.48,4.07,4.07,4.07,15.9,34.838,34.838,34.838,90.0,90.0,90.0,728.0,0.623377,3,2016.0,1188.0,66.0,219.0,237.0,528.0
PCR,425.98,711.59,450.82,753.08,220.54,6.89,224.49,7.02,1331.26,1408.87,6.7,4.8,6.03,1.51,3.16,4.2,18.8,20.1437,14.0723,12.5223,90.0,115.651,90.0,1029.0,,2,180.0,76.0,8.0,24.0,24.0,48.0
PHI,455.64,1427.14,455.64,1427.14,193.3,9.89,193.3,9.89,2332.21,2332.21,6.0,4.3,5.4,3.69,3.11,3.31,16.4,9.89,14.064,14.046,90.0,90.0,90.0,751.0,0.635556,3,96.0,32.0,4.0,8.0,12.0,16.0
PON,214.06,893.95,214.06,893.95,92.91,7.04,92.91,7.04,1620.96,1620.96,4.5,3.9,4.93,4.3,1.97,2.21,18.2,8.914,9.209,16.087,90.0,90.0,90.0,845.0,0.725,1,72.0,52.0,0.0,27.0,24.0,27.0
POS,759.02,1188.68,760.97,1191.73,817.75,19.86,817.79,19.86,1843.08,1847.82,,,7.27,5.68,5.68,6.58,15.5,18.7661,18.7661,11.69394,90.0,90.0,90.0,806.0,,3,,,,,,
PSI,,,,,,,,,,,,,,,,,20.7,8.22809,22.45626,37.89111,90.0,90.0,90.0,939.0,,1,,,,,,
PUN,625.91,1742.6,625.91,1742.6,360.12,14.97,360.12,14.97,2602.25,2602.25,6.2,4.2,5.51,4.35,4.35,3.41,15.0,14.689,8.645,18.941,90.0,90.0,90.0,731.0,,3,108.0,16.0,2.0,44.0,18.0,167.0
RHO,710.69,1483.99,710.69,1483.99,685.13,20.63,685.13,20.63,2140.24,2140.24,11.1,4.7,10.43,4.06,4.06,4.06,14.5,14.919,14.919,14.919,90.0,90.0,90.0,641.0,0.533333,3,144.0,68.0,2.0,62.0,16.0,124.0
RON,328.28,587.56,336.2,601.72,227.44,7.39,228.09,7.41,1066.66,1092.38,5.1,5.1,5.74,1.14,1.14,5.11,19.1,18.33,18.33,9.16,90.0,90.0,90.0,771.0,0.688981,1,176.0,200.0,6.0,11.0,29.0,35.0
RRO,195.92,1090.91,195.92,1090.91,69.71,6.92,69.71,6.92,1944.19,1944.19,4.4,4.4,4.46,4.09,1.54,3.13,17.9,7.412,8.641,17.18,90.0,113.678,90.0,924.0,0.801488,2,54.0,11.0,4.0,13.0,13.0,21.0
RSN,468.27,1303.72,468.27,1303.72,150.55,7.03,150.55,7.03,2185.99,2185.99,5.8,3.4,5.15,3.77,2.9,3.77,16.8,7.155,41.826,7.158,90.0,90.003,90.0,914.0,0.786947,3,108.0,74.0,2.0,56.0,30.0,203.0
RTE,231.3,965.96,232.51,971.02,163.41,11.68,163.47,11.69,1653.83,1662.5,7.7,4.6,7.06,1.92,1.82,3.98,17.2,14.098,13.67,7.431,90.0,102.421,90.0,844.0,0.715873,1,72.0,16.0,4.0,24.0,14.0,56.0
RTH,359.08,1124.7,359.08,1124.7,318.87,16.03,318.87,16.03,1805.49,1805.49,8.8,4.8,8.18,4.14,1.67,2.76,16.1,9.762,20.53,9.996,90.0,96.897,90.0,817.0,0.695757,2,96.0,11.0,6.0,22.0,16.0,52.0
RUT,0.0,0.0,303.32,844.48,0.0,0.0,161.25,8.12,0.0,1527.59,6.6,2.2,5.96,1.93,1.54,1.93,18.1,13.224,13.286,12.454,90.0,114.842,90.0,902.0,0.767499,0,108.0,22.0,6.0,18.0,22.0,42.0
RWR,241.6,756.71,241.6,756.71,72.86,4.37,72.86,4.37,1449.69,1449.69,5.1,3.8,4.42,1.99,1.99,1.66,19.2,7.806,7.806,27.35,90.0,90.0,90.0,1052.0,0.919647,1,96.0,33.0,8.0,24.0,32.0,48.0
RWY,1272.21,2656.48,1272.21,2656.48,2551.63,45.53,2551.63,45.53,2270.29,2270.29,15.0,6.9,14.4,6.29,6.29,6.29,7.6,17.762,17.762,17.762,90.0,90.0,90.0,410.0,0.333333,3,144.0,14.0,2.0,110.0,16.0,300.0
SAF,322.46,505.0,323.02,505.87,332.15,9.86,332.16,9.86,957.26,958.91,6.5,6.5,6.66,1.96,1.5,6.19,19.0,14.709,27.536,8.317,90.0,90.0,90.0,881.0,,1,192.0,164.0,42.0,28.0,78.0,62.0
SAO,774.51,1386.22,785.77,1406.36,1014.26,25.69,1015.14,25.71,1961.76,1990.26,9.3,6.9,8.64,6.79,6.79,6.79,14.2,13.439,13.439,21.86,90.0,90.0,90.0,632.0,0.545455,3,168.0,100.0,6.0,28.0,40.0,111.0
SAS,383.49,1201.14,396.56,1242.06,387.22,18.09,388.32,18.14,1791.27,1852.3,9.6,4.9,8.99,2.02,2.02,4.22,14.9,14.349,14.349,10.398,90.0,90.0,90.0,701.0,0.586667,1,96.0,114.0,6.0,38.0,20.0,85.0
SAT,727.82,1013.16,777.2,1081.92,571.01,13.02,578.15,13.18,1659.1,1771.68,7.5,3.6,6.84,3.25,3.25,3.25,16.4,12.871,12.871,30.577,90.0,90.0,120.0,763.0,0.644444,3,216.0,147.0,12.0,98.0,48.0,230.0
SAV,719.22,1501.79,727.9,1519.91,586.48,17.85,587.18,17.88,2189.5,2215.92,9.5,4.7,8.82,3.75,3.75,4.1,14.6,18.653,18.653,9.441,90.0,90.0,90.0,690.0,0.587302,3,144.0,84.0,7.0,19.0,16.0,55.0
SBE,1755.36,1374.51,1755.36,1374.51,2461.28,26.41,2461.28,26.41,1883.28,1883.28,13.2,7.9,12.54,7.27,7.27,3.88,13.7,18.534,18.534,27.134,90.0,90.0,90.0,619.0,0.514323,2,384.0,292.0,6.0,118.0,48.0,216.0
SBN,142.19,1425.1,142.19,1425.1,55.08,8.89,55.08,8.89,2295.65,2295.65,5.7,3.4,5.06,3.8,3.8,2.65,16.1,7.187,7.187,13.846,90.0,90.0,120.0,813.0,,3,30.0,30.0,2.0,24.0,10.0,115.0
SBS,1232.78,1287.08,1278.04,1334.33,1905.18,27.23,1913.2,27.34,1761.83,1826.51,12.1,6.6,11.45,7.27,7.27,5.72,13.7,17.193,17.193,27.333,90.0,90.0,120.0,617.0,0.534092,3,288.0,200.0,10.0,99.0,38.0,277.0
SBT,1860.44,1294.92,1928.09,1342.01,2861.35,27.25,2873.46,27.36,1771.66,1836.08,11.8,6.7,11.17,7.34,7.34,5.71,13.7,17.191,17.191,41.03,90.0,90.0,120.0,617.0,0.522344,3,432.0,300.0,12.0,132.0,59.0,369.0
SEW,666.69,1012.44,673.04,1022.08,671.91,16.6,672.13,16.6,1646.94,1662.63,,,7.35,5.29,5.97,1.92,17.0,23.72894,11.29319,14.47187,90.0,90.0,90.0,836.0,,2,,,,,,
SFE,106.74,764.15,106.74,764.15,100.33,12.61,100.33,12.61,1341.21,1341.21,6.5,6.5,6.66,1.6,6.29,1.6,16.9,11.457,5.255,13.994,90.0,100.96,90.0,892.0,0.767358,1,42.0,16.0,2.0,26.0,24.0,50.0
SFF,280.61,878.91,280.61,878.91,250.91,13.99,250.91,13.99,1564.9,1564.9,8.2,5.9,7.59,1.63,1.37,5.34,17.8,11.454,21.695,7.227,90.0,93.154,90.0,880.0,0.765073,1,96.0,16.0,6.0,8.0,12.0,24.0
SFG,548.73,743.21,557.84,755.56,466.63,11.12,467.11,11.13,1308.04,1329.77,7.6,5.6,6.96,4.98,2.62,5.38,17.6,25.532,12.575,13.066,90.0,90.0,90.0,932.0,0.850442,2,222.0,102.0,12.0,103.0,86.0,202.0
SFH,472.86,740.54,482.1,755.0,544.79,14.88,545.47,14.9,1291.52,1316.74,7.6,7.6,7.63,6.79,1.5,1.78,16.5,5.255,34.319,21.518,90.0,90.0,90.0,835.0,0.724192,1,192.0,102.0,26.0,54.0,81.0,111.0
SFN,275.69,863.51,288.97,905.1,303.32,15.69,305.32,15.79,1426.17,1494.86,7.3,7.3,7.94,1.65,6.7,2.42,16.6,25.221,5.256,15.022,90.0,103.89,90.0,819.0,0.692828,1,96.0,46.0,2.0,40.0,36.0,60.0
SFO,413.58,1295.38,413.58,1295.38,412.9,19.57,412.9,19.57,1960.31,1960.31,7.6,7.6,7.92,1.64,3.64,6.95,15.2,22.585,13.568,6.971,90.0,99.016,90.0,681.0,0.575084,2,96.0,44.0,8.0,20.0,22.0,40.0
SFS,564.01,1009.45,564.01,1009.45,537.49,15.96,537.49,15.96,1674.85,1674.85,8.2,6.3,7.52,1.8,5.92,4.84,16.6,14.013,20.027,12.488,90.0,106.08,90.0,877.0,,2,168.0,32.0,14.0,46.0,52.0,97.0
SFV,6954.73,889.11,6958.3,889.56,5463.69,12.3,5463.83,12.3,1565.58,1566.38,8.3,6.0,7.67,5.3,5.3,4.84,17.6,20.1528,20.1528,109.7563,90.0,90.0,90.0,932.0,,3,2352.0,626.0,196.0,380.0,674.0,1120.0
SFW,1570.14,1457.16,1583.4,1469.46,1230.83,17.2,1231.73,17.21,2193.66,2212.17,,,7.78,3.65,3.65,3.65,15.1,13.68061,13.68061,44.16007,90.0,90.0,120.0,690.0,,3,,,,,,
SGT,0.0,0.0,546.04,855.13,0.0,0.0,436.15,11.9,0.0,1489.36,8.4,2.7,7.74,2.11,2.11,2.11,17.5,10.329,10.329,34.364,90.0,90.0,90.0,962.0,0.862901,0,192.0,32.0,12.0,22.0,24.0,65.0
SIV,942.16,1475.49,942.16,1475.49,381.1,9.74,381.1,9.74,2409.17,2409.17,6.0,4.4,5.38,3.73,3.31,3.37,16.4,9.877,14.075,28.131,90.0,90.0,90.0,741.0,0.636,3,192.0,48.0,12.0,60.0,36.0,181.0
SOD,0.0,0.0,133.25,1112.98,0.0,0.0,73.92,10.26,0.0,1849.38,7.0,3.2,6.32,2.53,2.53,2.53,16.7,8.965,8.965,8.965,90.0,90.0,90.0,791.0,0.666667,0,36.0,48.0,2.0,32.0,10.0,64.0
SOF,550.91,1380.42,550.91,1380.42,306.08,12.57,306.08,12.57,2261.77,2261.77,4.8,4.7,5.14,4.17,4.17,4.42,16.4,20.332,12.085,10.275,90.0,105.254,90.0,817.0,,3,120.0,40.0,4.0,24.0,24.0,24.0
SOS,314.23,1312.27,314.23,1312.27,132.45,9.36,132.45,9.36,2221.55,2221.55,5.5,4.2,4.82,2.92,4.27,2.92,17.0,20.437,7.116,9.726,90.0,90.0,90.0,728.0,0.631746,3,72.0,44.0,2.0,16.0,16.0,32.0
SSF,438.06,813.07,472.6,877.18,512.99,15.63,520.01,15.85,1335.05,1440.33,6.8,6.8,7.66,6.22,6.22,2.61,16.5,17.21,17.21,12.792,90.0,90.0,120.0,821.0,,2,162.0,115.0,8.0,50.0,79.0,137.0
SSO,777.89,974.58,784.72,983.13,629.24,13.11,629.67,13.12,1620.64,1634.86,,,6.79,1.65,4.89,1.58,16.7,19.90203,10.15609,24.68916,90.0,105.88,90.0,768.0,,1,,,,,,
SSY,200.55,717.9,200.55,717.9,186.95,12.17,186.95,12.17,1305.56,1305.56,6.6,6.6,7.1,1.67,1.57,5.75,16.9,5.258,22.579,13.977,90.0,90.0,90.0,900.0,0.784646,1,84.0,24.0,12.0,42.0,52.0,81.0
STF,313.57,982.13,313.57,982.15,291.82,15.39,291.82,15.39,1653.63,1653.66,8.3,6.0,7.63,1.57,1.26,5.44,16.9,14.104,18.205,7.477,90.0,98.989,90.0,877.0,0.748986,1,96.0,18.0,6.0,3.0,8.0,10.0
STI,827.65,1152.13,827.65,1152.13,572.35,13.27,572.35,13.27,1919.14,1919.14,6.9,5.4,6.29,4.94,2.96,1.85,16.7,13.502,17.802,17.942,90.0,90.0,90.0,852.0,0.720342,2,216.0,76.0,16.0,47.0,38.0,122.0
STO,620.07,554.9,632.17,565.72,594.98,9.94,595.76,9.95,1035.44,1055.64,6.7,6.7,6.8,1.72,6.09,2.07,18.7,29.886,8.39,24.731,90.0,105.048,90.0,924.0,,1,336.0,226.0,37.0,38.0,76.0,71.0
STT,653.81,1023.92,653.86,1023.99,524.36,13.9,524.36,13.9,1732.87,1733.0,7.7,4.4,7.04,2.76,1.89,2.76,17.0,13.05,21.853,13.573,90.0,102.905,90.0,859.0,0.760705,2,192.0,28.0,12.0,40.0,36.0,92.0
STW,791.55,1322.26,791.55,1322.26,509.81,13.93,509.81,13.93,2162.28,2162.28,6.1,4.1,5.43,3.38,3.38,4.88,16.4,11.887,11.887,29.915,90.0,90.0,120.0,812.0,,3,180.0,42.0,7.0,36.0,25.0,104.0
SVR,844.78,920.34,845.21,920.81,575.18,10.75,575.19,10.75,1579.36,1580.17,5.7,4.5,5.85,4.65,4.65,4.65,17.2,20.408,13.304,20.166,90.0,102.333,90.0,874.0,,3,284.0,56.0,20.0,57.0,70.0,92.0
SVV,0.0,0.0,474.08,848.51,0.0,0.0,266.89,8.61,0.0,1529.83,,,6.41,1.94,1.62,1.94,18.0,13.1231,13.3734,21.26198,90.0,123.642,90.0,852.0,,0,,,,,,
SZR,329.14,916.37,338.17,941.52,190.51,9.33,191.32,9.37,1611.93,1656.17,6.9,5.3,6.27,3.32,3.32,4.69,17.6,18.87,14.401,7.514,90.0,90.0,90.0,910.0,0.78,3,108.0,60.0,6.0,28.0,26.0,48.0
TER,805.69,1009.41,805.69,1009.41,599.57,12.77,599.57,12.77,1716.4,1716.4,7.6,5.1,6.94,5.16,1.94,4.74,17.0,9.807,23.646,20.242,90.0,90.0,90.0,872.0,0.739316,2,240.0,108.0,8.0,100.0,64.0,200.0
THO,154.86,1552.17,154.86,1552.17,63.17,9.94,63.17,9.94,2437.88,2437.88,5.8,4.1,5.15,3.26,3.0,3.69,15.7,14.0,7.0,6.482,90.0,90.0,90.0,784.0,0.666667,3,30.0,25.0,2.0,16.0,10.0,48.0
TOL,0.0,0.0,600.7,836.21,0.0,0.0,324.4,8.05,0.0,1490.32,7.0,2.6,6.37,2.36,2.36,2.06,17.9,12.279,12.279,30.869,90.0,90.0,120.0,816.0,0.693,0,216.0,192.0,10.0,67.0,41.0,142.0
TON,168.43,703.41,168.95,705.56,106.33,8.04,106.34,8.04,1273.38,1277.27,5.7,5.7,5.71,2.31,1.56,5.11,18.1,14.105,17.842,5.256,90.0,90.0,90.0,1006.0,0.867111,1,72.0,29.0,0.0,52.0,30.0,68.0
TSC,4999.04,1304.81,5361.33,1399.37,8092.22,27.85,8261.2,28.43,1720.64,1845.34,17.1,4.7,16.45,4.08,4.08,4.08,13.2,30.742,30.742,30.742,90.0,90.0,90.0,590.0,0.482539,3,1152.0,680.0,48.0,776.0,200.0,1552.0
TUN,1689.79,882.11,1702.38,888.68,1409.76,12.93,1410.6,12.94,1549.67,1561.22,9.1,6.0,8.46,4.9,5.39,4.9,17.6,27.845,20.015,19.596,90.0,93.2,90.0,929.0,0.803,3,576.0,176.0,30.0,86.0,148.0,253.0
UEI,487.96,1018.9,487.96,1018.9,179.51,6.53,179.51,6.53,1775.02,1775.02,6.2,4.4,5.6,1.9,3.77,3.15,17.5,19.46,9.351,15.107,90.0,90.0,90.0,832.0,0.708844,2,144.0,76.0,4.0,36.0,32.0,72.0
UFI,819.76,1283.79,819.76,1283.79,831.13,19.74,831.13,19.74,1947.19,1947.19,10.7,4.5,10.09,3.89,3.89,1.88,15.2,12.125,12.125,28.636,90.0,90.0,90.0,747.0,0.641317,2,192.0,147.0,16.0,112.0,40.0,240.0
UOS,232.54,971.13,232.54,971.13,122.87,9.02,122.87,9.02,1707.29,1707.29,6.5,4.2,5.85,2.6,4.24,3.05,17.6,19.905,7.546,9.068,90.0,90.0,90.0,873.0,,3,72.0,49.0,6.0,16.0,20.0,40.0
UOV,1906.56,1085.75,1907.27,1086.15,1857.38,17.13,1857.39,17.13,1758.74,1759.39,,,6.98,6.44,5.38,5.03,16.2,12.71775,21.98932,38.76387,90.0,90.0,90.0,811.0,,3,,,,,,
UOZ,0.0,0.0,284.61,713.15,0.0,0.0,133.06,6.5,0.0,1390.31,6.1,,5.43,1.49,1.49,1.32,19.5,8.621,8.621,27.544,90.0,90.0,90.0,776.0,0.658436,0,120.0,198.0,8.0,0.0,8.0,0.0
USI,499.74,1252.2,499.74,1252.2,439.22,17.47,439.22,17.47,1987.4,1987.4,7.4,5.6,6.76,1.73,4.04,6.28,15.9,21.119,12.971,9.672,90.0,108.367,90.0,691.0,0.590377,2,120.0,88.0,6.0,18.0,18.0,52.0
UTL,813.16,1072.38,813.16,1072.38,1066.23,21.88,1066.23,21.88,1668.94,1668.94,8.2,8.2,9.3,1.38,5.77,7.61,15.6,28.996,13.968,12.449,90.0,104.91,90.0,826.0,0.713707,2,228.0,60.0,18.0,12.0,28.0,12.0
UWY,638.21,1066.12,638.21,1066.12,595.45,16.18,595.45,16.18,1734.25,1734.25,9.4,6.6,8.78,4.96,5.45,6.11,16.3,25.11,12.733,11.51,90.0,90.0,90.0,838.0,,3,180.0,124.0,25.0,18.0,39.0,32.0
VET,82.14,484.28,82.14,484.28,65.91,7.82,65.91,7.82,975.07,975.07,6.6,6.6,6.39,1.51,1.51,5.98,20.2,13.048,13.048,4.948,90.0,90.0,90.0,1023.0,0.913737,1,51.0,26.0,4.0,8.0,12.0,8.0
VFI,334.89,932.37,362.18,1008.34,631.71,25.4,635.4,25.55,1346.75,1456.48,12.0,12.0,12.03,2.4,2.4,11.39,14.5,18.284,18.284,8.589,90.0,90.0,120.0,669.0,0.5625,1,108.0,84.0,0.0,114.0,276.0,1647.0
VNI,549.39,917.74,607.86,1015.41,159.06,4.66,173.49,5.08,1608.54,1779.72,5.4,3.2,4.8,3.16,3.16,2.53,17.6,10.002,10.002,34.141,90.0,90.0,90.0,971.0,0.896603,3,180.0,104.0,12.0,73.0,56.0,211.0
VSV,484.98,1350.25,484.98,1350.25,137.88,6.43,137.88,6.43,2263.46,2263.46,5.0,3.4,4.31,3.77,3.77,2.9,16.8,7.156,7.156,41.842,90.0,90.0,90.0,948.0,0.818,3,108.0,56.0,4.0,70.0,35.0,249.0
WEI,314.8,1577.6,314.8,1577.6,94.8,7.82,94.8,7.82,2597.85,2597.85,3.9,3.9,4.19,3.43,3.43,3.46,16.5,11.803,10.278,9.989,90.0,90.0,90.0,773.0,0.655864,3,60.0,28.0,0.0,20.0,12.0,20.0
WEN,243.78,1221.69,247.49,1240.3,139.93,11.58,140.28,11.61,2017.79,2048.51,6.2,3.1,5.53,4.84,4.84,3.16,16.6,13.587,13.587,7.557,90.0,90.0,120.0,755.0,0.640693,3,59.0,43.0,3.0,10.0,14.0,25.0
YUG,161.01,1008.61,161.01,1008.61,50.85,5.7,50.85,5.7,1806.39,1806.39,5.1,3.7,4.49,3.08,1.44,3.12,18.0,10.248,13.788,6.782,90.0,111.545,90.0,935.0,0.797884,2,48.0,11.0,2.0,14.0,11.0,40.0
ZON,291.05,911.59,291.05,911.59,143.03,8.07,143.03,8.07,1641.47,1641.47,6.5,4.0,5.83,2.63,3.52,1.58,18.0,6.918,14.87,17.236,90.0,90.0,90.0,798.0,0.679089,2,96.0,32.0,8.0,24.0,16.0,61.0
