code,accessible_area,accessible_area_m2pg,occupiable_area,occupiable_area_m2pg,accessible_volume,accessible_volume_pct,occupiable_volume_pct,specific_occupiable_area,lcd,pld,maxdsi,maxdsd_a,maxdsd_b,maxdsd_c,framework_density,a,b,c,alpha,beta,gamma,td10,topological_density,channel_dim,atoms,portals,cages,channels,junctions,connections,vol_accessibility_ratio,area_vol_ratio,pore_anisotropy,confinement_ratio,connections_per_atom,ab_ratio,bc_ratio,CO2_capacity_mmol_g,CO2_N2_selectivity,desorption_energy_kJ_mol,data_source
ABW,86.37,1082.03,86.37,1082.03,23.63,5.19,5.19,1898.46,4.1,4.1,4.24,2.61,3.51,2.61,17.6,9.873,5.254,8.77,90.0,90.0,90.0,833.0,0.703704,1.0,24.0,8.0,0.0,24.0,12.0,36.0,1.0,208.48362235067435,0.17856193892462652,1.0,1.5,1.879139703083365,0.5990877993158494,0.2,12.0,24.0,literature
ACO,242.43,1518.66,242.43,1518.66,84.34,8.68,8.68,2494.75,4.2,4.2,4.58,3.56,3.56,3.56,16.5,9.905,9.905,9.905,90.0,90.0,90.0,787.0,0.666667,3.0,48.0,44.0,2.0,12.0,8.0,12.0,1.0,174.96082949308757,0.0,1.0,0.25,1.0,1.0,0.6586532624804795,33.01567457344232,30.371622592455644,estimated
AEI,699.85,1461.34,705.25,1472.63,552.0,17.31,17.32,2211.26,8.0,4.3,7.33,3.84,3.84,3.64,15.1,13.677,12.607,18.497,90.0,90.0,90.0,689.0,0.583081,3.0,144.0,44.0,8.0,36.0,20.0,96.0,0.9994226327944572,84.42172154823801,0.03060160437400839,0.5375,0.6666666666666666,1.084873482985643,0.6815699843217818,2.3,90.0,35.0,literature
AEL,217.23,544.31,217.23,544.31,141.11,6.77,6.77,1041.96,5.3,5.3,5.64,4.63,2.01,2.01,19.2,8.312,18.729,13.392,90.0,90.0,90.0,904.0,0.766975,1.0,120.0,88.0,0.0,95.0,131.0,366.0,1.0,80.40029542097489,0.5246211694601687,1.0,3.05,0.4438037268407283,1.398521505376344,0.5,14.0,26.0,literature
AEN,315.9,659.63,315.9,659.63,95.96,4.02,4.02,1324.68,5.1,3.7,4.43,1.21,3.38,3.66,20.1,18.531,13.355,9.636,90.0,90.0,90.0,956.0,0.857768,2.0,144.0,132.0,4.0,32.0,24.0,96.0,1.0,164.08706467661693,0.48763893972609496,0.7254901960784315,0.6666666666666666,1.387570198427555,1.3859485263594855,0.4791892980401922,18.200675987676508,27.08322872842288,estimated
AET,413.24,575.25,422.28,587.84,509.36,12.88,12.9,1068.2,8.2,8.2,8.41,1.78,1.78,7.59,18.2,32.829,14.38,8.374,90.0,90.0,90.0,824.0,0.697917,1.0,216.0,160.0,15.0,135.0,276.0,1186.0,0.9984496124031008,44.66226708074534,0.9025305104910472,1.0,5.4907407407407405,2.282962447844228,1.7172199665631718,0.7166088733144029,16.026434733801498,26.226394515918344,estimated
AFG,0.0,0.0,485.08,1012.89,0.0,0.0,10.1,1711.19,7.0,2.7,6.37,2.55,2.55,2.54,16.9,12.548,12.548,20.789,90.0,90.0,120.0,816.0,0.693333,0.0,144.0,136.0,8.0,65.0,39.0,141.0,0.0,81.05164533820842,0.002267082208859739,0.38571428571428573,0.9791666666666666,1.0,0.603588436192217,0.15882946817651372,7.174232007718689,20.25802228049183,estimated
AFI,173.69,725.35,178.71,746.31,199.82,14.07,14.09,1257.95,8.1,8.1,8.3,2.22,2.22,7.42,16.9,13.827,13.827,8.58,90.0,90.0,120.0,828.0,0.7,1.0,72.0,66.0,4.0,18.0,22.0,46.0,0.9985805535841022,51.552949538024166,0.7594151938750557,1.0,0.6388888888888888,1.0,1.6115384615384616,0.7,12.0,24.0,literature
AFN,338.35,1059.75,338.35,1059.75,143.84,7.82,7.82,1839.3,5.9,3.7,5.25,2.85,2.53,2.85,17.4,14.02,13.466,10.202,90.0,107.239,90.0,777.0,0.661111,3.0,96.0,76.0,2.0,63.0,48.0,175.0,1.0,135.51790281329923,0.06734583941944608,0.6271186440677966,1.8229166666666667,1.0411406505272538,1.3199372672025091,0.6,20.0,28.0,literature
AFO,226.65,567.92,226.65,567.92,150.57,7.23,7.23,1088.33,5.6,5.6,5.43,2.21,1.49,5.07,19.2,9.764,25.614,8.327,90.0,90.0,90.0,907.0,0.769676,1.0,120.0,90.0,8.0,68.0,98.0,291.0,1.0,78.55048409405255,0.647754823423941,1.0,2.425,0.3811977824627157,3.076017773507866,0.55,16.0,27.0,literature
AFR,414.17,1297.25,414.17,1297.25,413.86,19.62,19.62,1963.08,7.6,7.6,8.36,1.64,3.77,6.97,15.2,22.305,13.567,6.972,90.0,90.0,90.0,687.0,0.579229,2.0,96.0,38.0,4.0,8.0,10.0,12.0,1.0,66.11875637104994,0.6501229081886405,1.0,0.125,1.6440627994398171,1.9459265633964429,1.2,30.0,30.0,literature
AFS,799.04,1430.12,799.04,1430.12,826.59,21.6,21.6,2087.69,10.2,6.7,9.51,3.76,3.76,6.01,14.6,13.058,13.058,25.919,90.0,90.0,120.0,656.0,0.56875,3.0,168.0,54.0,24.0,14.0,32.0,30.0,1.0,66.20925925925926,0.288035056691055,0.6568627450980393,0.17857142857142858,1.0,0.5038003009375361,1.1,25.0,28.0,literature
AFT,1052.24,1464.77,1059.62,1475.05,826.17,17.28,17.29,2216.55,8.0,4.1,7.75,3.68,3.68,3.68,15.1,13.691,13.691,29.449,90.0,90.0,120.0,685.0,0.585714,3.0,216.0,84.0,10.0,84.0,70.0,228.0,0.9994216310005785,84.7667824074074,0.0,0.5125,1.0555555555555556,1.0,0.46490542972596693,2.1,80.0,36.0,literature
AFV,402.98,1346.34,403.03,1346.49,291.48,15.29,15.29,2114.12,6.9,4.7,7.08,3.46,3.46,2.48,15.7,13.2261,13.2261,12.5838,90.0,90.0,120.0,704.0,0.6981845,2.0,108.0,59.0,6.0,31.0,29.0,72.0,1.0,88.053629823414,0.18057550972526593,0.7083333333333334,0.6477272727272727,1.0,1.0510418156677634,1.2999894097777662,39.68062936205045,30.295654478876596,estimated
AFX,700.71,1463.14,707.12,1476.54,550.95,17.28,17.29,2217.27,7.8,4.1,7.76,3.73,3.73,3.73,15.1,13.674,13.674,19.695,90.0,90.0,120.0,689.0,0.585714,3.0,144.0,60.0,6.0,56.0,56.0,154.0,0.9994216310005785,84.67245370370371,0.0,0.5256410256410257,1.0694444444444444,1.0,0.6942878903274943,2.4,95.0,36.0,literature
AFY,283.1,1773.41,283.1,1773.41,247.88,21.88,21.88,2499.38,8.5,6.5,7.82,4.08,4.08,5.9,14.1,12.33,12.33,8.603,90.0,90.0,120.0,585.0,0.488889,3.0,48.0,15.0,1.0,7.0,5.0,24.0,1.0,81.05164533820842,0.2242057233126143,0.7647058823529411,0.5,1.0,1.4332209694292688,1.3,30.0,29.0,literature
AHT,0.0,0.0,143.1,597.62,0.0,0.0,2.57,1145.88,4.6,3.4,3.95,2.4,2.4,2.75,19.2,15.794,9.206,8.589,90.0,90.0,90.0,853.0,0.729167,1.0,72.0,56.0,4.0,40.0,28.0,92.0,0.0,81.05164533820842,0.08029374604623936,0.7391304347826088,1.2777777777777777,1.7156202476645668,1.0718360693910816,0.2878459922092878,15.311337521626207,24.925974316421957,estimated
ANA,0.0,0.0,215.46,449.91,0.0,0.0,2.03,862.83,4.9,3.0,4.21,2.43,2.43,2.43,19.2,13.567,13.567,13.567,90.0,90.0,90.0,933.0,0.8,3.0,144.0,112.0,16.0,64.0,56.0,176.0,0.0,81.05164533820842,0.0,0.6122448979591836,1.2222222222222223,1.0,1.0,0.15,8.0,22.0,literature
APC,328.22,1028.03,328.22,1028.03,86.79,4.8,4.8,1814.67,4.9,3.8,4.23,3.16,2.57,2.6,17.7,8.992,19.356,10.392,90.0,90.0,90.0,814.0,0.696296,2.0,96.0,44.0,2.0,38.0,42.0,74.0,1.0,214.17291666666668,0.11968131266619092,0.7755102040816325,0.7708333333333334,0.46455879313907833,1.8625866050808317,0.4719229539815737,18.965410587739157,27.86821525028094,estimated
APD,280.67,879.08,280.67,879.08,101.94,5.73,5.73,1577.59,5.6,3.8,4.93,3.63,2.45,2.68,18.0,8.724,20.06,10.166,90.0,90.0,90.0,888.0,0.759019,2.0,96.0,88.0,4.0,32.0,32.0,76.0,1.0,153.41710296684118,0.21422594757580013,0.6785714285714286,0.7916666666666666,0.43489531405782655,1.9732441471571904,0.5736707419489782,20.21609406915031,27.431516600902167,estimated
AST,0.0,0.0,466.79,1169.63,0.0,0.0,15.13,1845.89,8.6,2.5,7.94,1.91,1.91,1.91,15.8,13.624,13.624,13.624,90.0,90.0,90.0,742.0,0.625,0.0,120.0,136.0,8.0,120.0,32.0,240.0,0.0,81.05164533820842,0.0,0.29069767441860467,2.0,1.0,1.0,0.08,4.0,19.0,literature
ASV,151.84,760.94,151.84,760.94,73.05,6.98,6.98,1449.92,6.1,4.7,5.43,1.52,1.52,4.43,19.1,8.674,8.674,13.919,90.0,90.0,90.0,787.0,0.666667,1.0,60.0,144.0,5.0,0.0,5.0,0.0,1.0,109.01719197707736,0.6747346519445024,0.7083333333333334,0.0,1.0,0.6231769523672677,0.6262865223399656,19.687971488261276,26.269160508153696,estimated
ATN,135.65,849.73,141.5,886.4,65.56,7.3,7.35,1575.74,6.6,4.7,5.91,1.94,1.94,4.11,17.8,13.071,13.071,5.256,90.0,90.0,90.0,833.0,0.703704,1.0,48.0,52.0,2.0,10.0,8.0,26.0,0.9931972789115646,116.4013698630137,0.4704067900406087,0.7121212121212122,0.5416666666666666,1.0,2.486872146118721,0.5,15.0,26.0,literature
ATO,196.84,548.02,198.36,552.26,132.95,6.93,6.94,1034.7,6.1,6.1,5.74,2.12,2.12,5.49,18.8,20.914,20.914,5.061,90.0,90.0,120.0,894.0,0.76,1.0,108.0,153.0,3.0,28.0,23.0,44.0,0.9985590778097981,79.07936507936508,0.5998983783666101,1.0,0.4074074074074074,1.0,4.132384904169137,0.6,13.0,25.0,literature
ATS,246.34,1028.74,253.93,1060.47,233.63,15.64,15.67,1700.04,7.3,7.3,7.3,2.44,1.62,6.82,16.1,13.164,21.584,5.257,90.0,90.0,90.0,752.0,0.64,1.0,72.0,35.0,6.0,26.0,40.0,62.0,0.998085513720485,65.7762148337596,0.7708827702436198,1.0,0.8611111111111112,0.609896219421794,4.105763743579989,0.65,12.0,24.0,literature
ATT,146.31,1222.0,146.31,1222.0,64.48,9.18,9.18,2082.41,6.1,4.3,5.42,3.79,3.69,1.41,17.1,9.98,7.514,9.369,90.0,90.0,90.0,768.0,0.647619,2.0,36.0,8.0,1.0,14.0,11.0,40.0,1.0,133.11546840958607,0.4542705348642884,0.7049180327868853,1.1111111111111112,1.3281873835507054,0.8020066175685773,0.9,35.0,31.0,literature
ATV,132.71,554.24,137.44,573.99,49.76,3.92,3.94,1083.08,5.4,4.1,4.74,3.48,2.39,2.14,18.9,8.579,15.311,9.661,90.0,90.0,90.0,960.0,0.816667,1.0,72.0,68.0,12.0,20.0,28.0,58.0,0.9949238578680203,141.3877551020408,0.2668654311209522,0.7592592592592592,0.8055555555555556,0.5603161125987852,1.5848255874133113,0.5097290159159926,16.28849625077101,26.464073375631436,estimated
AVL,561.11,1339.03,569.05,1357.97,381.11,14.36,14.4,2144.74,6.9,4.7,7.14,3.55,3.55,2.48,15.8,13.2381,13.2381,17.482,90.0,90.0,120.0,710.0,0.6981845,2.0,108.0,59.0,6.0,31.0,29.0,72.0,0.9972222222222221,93.24721448467967,0.1934545265238725,0.7083333333333334,0.6477272727272727,1.0,0.7572417343553369,1.2555757501281026,40.11291751607827,30.779333238426478,estimated
AWO,395.18,825.18,395.18,825.18,140.82,5.35,5.35,1500.99,5.8,4.3,5.16,3.67,3.04,1.89,18.2,9.101,15.035,19.241,90.0,90.0,90.0,828.0,0.708843,1.0,144.0,60.0,8.0,43.0,39.0,102.0,1.0,154.2392523364486,0.3148501407672504,0.7413793103448276,0.7083333333333334,0.6053209178583306,0.7814042929161686,0.5317707881947364,15.728246950686064,26.44419988811928,estimated
AWW,227.83,951.46,234.47,979.19,170.64,12.04,12.07,1653.81,8.1,4.8,7.48,1.86,1.86,4.17,16.9,13.634,13.634,7.627,90.0,90.0,90.0,772.0,0.656085,1.0,72.0,40.0,4.0,6.0,8.0,18.0,0.9975144987572493,79.0249169435216,0.5071023276912682,0.5925925925925926,0.25,1.0,1.7875966959486038,1.3,45.0,33.0,literature
BCT,31.21,391.02,38.09,477.19,1.89,0.45,0.88,904.44,4.4,3.2,3.8,2.55,2.55,2.91,19.0,8.952,8.952,5.255,90.0,90.0,90.0,959.0,0.814815,1.0,24.0,34.0,2.0,8.0,6.0,12.0,0.5113636363636364,868.9333333333333,0.07784498011545524,0.7272727272727273,0.5,1.0,1.7035204567078972,0.30792570965583427,14.161997415541723,25.467516107911578,estimated
BEA,779.31,1220.45,779.37,1220.55,857.32,20.52,20.52,1865.23,6.9,6.7,6.68,5.95,5.95,5.95,15.3,12.632,12.632,26.186,90.0,90.0,90.0,805.0,0.704545,3.0,192.0,56.0,12.0,36.0,78.0,138.0,1.0,59.47612085769981,0.0,0.9710144927536232,0.71875,1.0,0.48239517299320245,1.2,20.0,28.0,literature
BEC,394.4,1235.31,398.12,1246.96,448.15,21.18,21.18,1881.3,7.2,7.2,6.95,6.09,6.09,6.09,15.1,12.77,12.77,12.977,90.0,90.0,90.0,764.0,0.65664,3.0,96.0,62.0,6.0,10.0,14.0,10.0,1.0,58.32436260623229,0.0,1.0,0.10416666666666667,1.0,0.9840487015488941,1.3835148744946784,32.122921868567275,29.557054832071536,estimated
BIK,88.13,736.06,88.13,736.08,25.49,3.96,3.96,1370.84,4.8,3.6,4.17,2.55,1.56,3.55,18.7,7.54,16.222,5.256,90.0,90.0,90.0,1052.0,0.907407,1.0,36.0,12.0,2.0,25.0,13.0,61.0,1.0,185.87373737373736,0.389688324123712,0.75,1.6944444444444444,0.4648008876833929,3.086377473363775,0.5,20.0,28.0,literature
BOF,202.04,843.74,202.04,843.74,118.96,9.06,9.06,1538.13,6.2,4.3,5.58,4.67,1.77,1.77,18.3,7.503,12.773,13.706,90.0,90.0,90.0,880.0,0.6981845,1.0,72.0,20.0,2.0,20.0,10.0,58.0,1.0,93.1280353200883,0.6118084460352917,0.6935483870967741,0.8055555555555556,0.5874109449620293,0.9319276229388589,0.8224495327141177,19.29487772420028,27.781391776646704,estimated
BOG,1058.29,1104.9,1058.29,1104.9,1083.77,18.13,18.13,1770.05,7.4,7.4,8.05,6.88,4.92,4.92,16.1,20.014,23.58,12.669,90.0,90.0,90.0,781.0,0.659922,2.0,288.0,108.0,0.0,103.0,127.0,269.0,1.0,60.94318808604524,0.2030394487341507,1.0,0.9340277777777778,0.8487701441899915,1.861236088089036,0.8,14.0,25.0,literature
BOZ,1914.74,2085.99,1914.74,2085.99,1583.94,22.27,22.27,2692.23,9.3,5.4,8.71,4.92,3.68,4.92,12.9,14.1488,35.7082,14.077,90.0,90.0,90.0,748.0,0.6981845,3.0,276.0,44.0,12.0,192.0,56.0,528.0,1.0,93.66816344858553,0.15885673087170174,0.5806451612903226,1.9130434782608696,0.39623391825967147,2.5366342260424806,1.3610919271134647,38.73533204324428,31.089239408080452,estimated
BPH,395.94,1417.31,395.94,1417.31,414.63,21.65,21.65,2067.81,10.1,6.7,9.51,3.51,3.51,6.01,14.6,13.057,13.057,12.969,90.0,90.0,120.0,667.0,0.56875,3.0,84.0,24.0,6.0,21.0,11.0,42.0,1.0,65.4646651270208,0.33231980191267796,0.6633663366336634,0.5,1.0,1.006785411365564,1.6,45.0,33.0,literature
BRE,142.13,890.36,142.13,890.36,59.8,6.84,6.84,1626.29,5.9,3.5,5.29,2.74,1.64,2.96,18.3,6.76,17.093,7.603,90.0,95.827,90.0,901.0,0.778031,2.0,48.0,10.0,2.0,12.0,6.0,35.0,1.0,130.16959064327486,0.2890467530542848,0.5932203389830508,0.7291666666666666,0.39548353127011054,2.2481915033539392,0.8,25.0,29.0,literature
BSV,850.0,887.44,850.0,887.44,338.28,6.59,6.59,1655.39,6.9,4.7,5.17,3.84,3.84,3.84,18.7,17.252,17.252,17.252,90.0,90.0,90.0,831.0,0.6981845,3.0,108.0,59.0,6.0,31.0,29.0,72.0,1.0,134.66464339908953,0.0,0.7083333333333334,0.6477272727272727,1.0,1.0,0.5558758988984458,25.28996901509774,27.51303978645524,estimated
CAN,74.1,618.93,122.85,1026.11,59.72,8.41,10.1,1729.66,6.6,6.6,6.27,2.53,2.53,5.96,16.9,12.494,12.494,5.254,90.0,90.0,120.0,817.0,0.693333,1.0,36.0,35.0,2.0,6.0,8.0,13.0,0.8326732673267327,73.59453032104636,0.539104743190676,1.0,0.3611111111111111,1.0,2.3779977160258854,0.7,25.0,30.0,literature
CAS,154.22,644.04,154.22,644.04,50.57,3.95,3.95,1205.22,5.7,3.5,5.05,2.97,2.21,2.45,18.8,5.256,14.132,17.227,90.0,90.0,90.0,1042.0,0.895949,1.0,72.0,23.0,4.0,30.0,20.0,66.0,1.0,163.04810126582277,0.1527528417754492,0.6140350877192983,0.9166666666666666,0.3719218794225871,0.8203401636965229,0.55,18.0,27.0,literature
CDO,341.32,950.29,341.32,950.29,155.84,7.82,7.82,1711.75,6.4,3.9,5.78,3.44,1.52,3.35,18.1,7.557,18.715,14.099,90.0,90.0,90.0,1053.0,0.930227,2.0,108.0,14.0,12.0,28.0,24.0,92.0,1.0,121.52046035805625,0.39114319800091996,0.609375,0.8518518518518519,0.4037937483302164,1.3273991063195971,0.5,22.0,28.0,literature
CFI,232.18,727.22,280.74,879.32,255.41,13.38,13.81,1471.14,7.5,7.4,7.47,2.62,7.26,2.4,16.8,13.961,5.264,25.967,90.0,90.0,90.0,892.0,0.765153,1.0,96.0,62.0,5.0,23.0,29.0,37.0,0.9688631426502534,54.351270553064275,0.6705095222653309,0.9866666666666667,0.3854166666666667,2.6521656534954405,0.2027188354449879,0.75,14.0,25.0,literature
CGF,126.31,351.67,253.2,704.95,55.81,2.95,5.97,1336.29,6.4,3.5,5.76,2.29,1.46,3.03,19.0,15.501,16.902,7.273,90.0,96.07,90.0,819.0,0.695238,2.0,108.0,88.0,4.0,44.0,32.0,110.0,0.4941373534338359,119.21016949152542,0.34753531797980425,0.546875,1.0185185185185186,0.9171104011359602,2.3239378523305376,0.543923811212059,20.225849825498372,27.788405977948823,estimated
CGS,375.41,1175.84,375.41,1175.84,201.07,10.62,10.62,1981.88,6.5,4.3,5.86,4.01,2.97,2.97,16.9,8.444,14.083,15.929,90.0,90.0,90.0,718.0,0.613333,3.0,96.0,40.0,4.0,39.0,26.0,131.0,1.0,110.71939736346516,0.18103847636900822,0.6615384615384615,1.3645833333333333,0.5995881559326849,0.8841107414150292,1.465923612784994,46.860253308995354,32.08472405020394,estimated
CHA,525.79,1463.85,530.01,1475.61,413.04,17.27,17.28,2216.19,8.0,4.2,7.37,3.72,3.72,3.72,15.1,13.675,13.675,14.767,90.0,90.0,120.0,677.0,0.566667,3.0,108.0,36.0,6.0,42.0,21.0,126.0,0.9994212962962962,84.76259409380428,0.0,0.525,1.1666666666666667,1.0,0.9260513306697367,2.2,110.0,34.0,literature
CHI,132.2,473.21,132.2,473.21,33.7,2.39,2.39,937.42,4.0,4.0,3.93,3.63,1.25,1.51,19.9,5.01,31.234,9.012,90.0,90.0,90.0,913.0,0.833441,1.0,88.0,27.0,5.0,4.0,9.0,4.0,1.0,197.99581589958157,0.612923339732116,1.0,0.045454545454545456,0.16040212588845487,3.4658233466489126,0.4814327539023374,15.534458791078565,26.35306197526896,estimated
CLO,3839.95,2004.54,3839.95,2004.54,5824.3,33.76,33.76,2225.61,16.4,7.0,15.72,6.31,6.31,6.31,11.1,25.84,25.84,25.84,90.0,90.0,90.0,456.0,0.44329,3.0,588.0,369.0,44.0,184.0,234.0,989.0,1.0,59.37618483412322,0.0,0.426829268292683,1.6819727891156462,1.0,1.0,1.4,35.0,31.0,literature
CON,663.44,1187.42,663.44,1187.42,683.92,19.18,19.18,1860.28,8.1,6.2,7.45,4.89,4.89,5.6,15.7,22.684,13.373,12.553,90.0,69.479,90.0,784.0,0.670229,3.0,168.0,86.0,11.0,44.0,74.0,142.0,1.0,61.90928050052138,0.07995813220896637,0.7654320987654322,0.8452380952380952,1.6962536454049206,1.0653230303513104,0.9,16.0,26.0,literature
CSV,359.08,993.83,422.7,1022.08,250.91,11.12,11.69,1716.4,6.9,4.7,6.7,3.32,3.28,3.65,16.2,13.02702,11.18216,9.21893,92.35,107.3,104.5,757.0,0.6981845,2.0,108.0,59.0,6.0,31.0,29.0,72.0,1.0,81.05164533820842,0.2242057233126143,0.7083333333333334,0.6477272727272727,1.164982436309264,1.212956384309242,1.0747920823191839,29.4416174159127,29.4262673659774,estimated
CZP,142.11,593.46,142.11,593.46,44.68,3.97,3.97,1261.6,4.2,4.7,4.26,1.25,1.25,3.68,20.6,9.355,9.355,14.862,90.0,90.0,120.0,885.0,0.8,1.0,72.0,156.0,0.0,18.0,36.0,60.0,1.0,149.48614609571788,0.6810491039469858,0.7083333333333334,0.8333333333333334,1.0,0.6294576772978066,0.49370706151100496,16.4975029516383,26.61392949228312,estimated
DAC,261.51,1092.11,261.51,1092.11,130.63,9.5,9.5,1901.67,5.8,4.8,5.28,1.57,4.19,3.66,17.5,18.574,7.542,10.377,90.0,108.917,90.0,977.0,0.84119,2.0,72.0,28.0,2.0,8.0,8.0,12.0,1.0,114.95894736842104,0.4411604015531947,0.8275862068965517,0.16666666666666666,2.462741978255105,0.7267996530789245,0.7,22.0,28.0,literature
DDR,803.48,671.09,1062.91,887.78,618.22,9.21,10.51,1582.69,8.3,3.3,7.66,3.65,3.65,2.63,17.9,13.795,13.795,40.75,90.0,90.0,120.0,968.0,0.850801,2.0,360.0,69.0,18.0,36.0,30.0,90.0,0.8763082778306376,72.86536373507057,0.17791458446326835,0.3975903614457831,0.25,1.0,0.3385276073619632,0.9,45.0,33.0,literature
DFO,1702.48,1292.7,1702.48,1292.7,1950.88,22.01,22.01,1920.48,11.9,7.8,11.29,5.08,5.08,7.19,14.9,21.995,21.995,21.159,90.0,90.0,120.0,664.0,0.576042,3.0,396.0,285.0,26.0,121.0,92.0,260.0,1.0,58.732394366197184,0.21064133740463004,0.6554621848739496,0.6565656565656566,1.0,1.0395103738361928,1.5914017381782801,38.73706086171237,32.967598851250926,estimated
DFT,93.15,1167.06,93.15,1167.06,29.74,6.58,6.58,2062.47,5.7,4.3,5.1,3.07,3.07,3.65,17.7,7.075,7.075,9.023,90.0,90.0,90.0,840.0,0.711111,3.0,24.0,32.0,2.0,5.0,6.0,13.0,1.0,177.3647416413374,0.10261383742491817,0.7543859649122806,0.5416666666666666,1.0,0.7841072813919983,0.8,30.0,30.0,literature
DOH,0.0,0.0,338.65,998.3,0.0,0.0,10.96,1688.85,8.5,3.3,7.85,2.55,2.55,2.62,17.0,14.19,14.19,11.499,90.0,90.0,120.0,1002.0,0.882191,0.0,102.0,37.0,6.0,22.0,16.0,50.0,0.0,81.05164533820842,0.015705123902826672,0.388235294117647,0.49019607843137253,1.0,1.234020349595617,0.04,2.5,17.0,literature
DON,417.23,653.41,422.7,661.97,582.78,15.59,15.6,1130.84,8.7,8.7,8.79,2.19,1.79,8.07,17.1,18.89,23.365,8.469,90.0,90.0,90.0,851.0,0.72892,1.0,192.0,88.0,8.0,82.0,102.0,210.0,0.9993589743589744,41.912123155869146,0.8753483541638593,1.0,1.09375,0.8084742135673016,2.7588853465580354,0.7,18.0,27.0,literature
EAB,458.05,1275.26,458.19,1275.66,323.11,14.32,14.32,2030.41,7.4,3.4,7.14,3.54,3.54,2.5,16.0,13.178,13.178,15.005,90.0,90.0,120.0,735.0,0.628571,2.0,108.0,46.0,4.0,40.0,30.0,96.0,1.0,89.05446927374301,0.18803056783628733,0.45945945945945943,0.8888888888888888,1.0,0.8782405864711763,1.5,50.0,34.0,literature
EDI,69.74,1397.95,69.74,1397.95,29.27,9.52,9.52,2268.03,6.4,4.1,5.72,3.2,3.2,3.44,16.3,6.926,6.926,6.41,90.0,90.0,90.0,786.0,0.666667,3.0,15.0,12.0,1.0,7.0,4.0,17.0,1.0,146.843487394958,0.04224514164802136,0.6406249999999999,1.1333333333333333,1.0,1.0804992199687988,1.1,35.0,32.0,literature
EEI,1406.41,704.81,1463.77,733.55,1044.49,9.36,9.42,1312.38,6.9,4.7,6.96,3.11,2.15,2.23,17.9,13.8761,35.745,22.4869,90.0,90.0,90.0,1009.0,0.6981845,1.0,108.0,59.0,6.0,31.0,29.0,72.0,0.9936305732484076,75.30021367521367,0.21335096774833834,0.7083333333333334,0.6477272727272727,0.3881969506224647,1.5895921625479723,0.7479999898895691,21.32565388816679,27.517654187147066,estimated
EMT,1160.53,1211.65,1337.69,1396.6,1973.81,27.39,28.58,1856.02,12.2,8.0,11.55,6.54,6.54,7.37,13.3,17.215,17.215,28.082,90.0,90.0,120.0,584.0,0.493095,3.0,288.0,164.0,16.0,60.0,97.0,283.0,0.9583624912526243,44.23694779116466,0.07029839463482486,0.6557377049180328,0.9826388888888888,1.0,0.6130261377394772,3.2,75.0,37.0,literature
EON,622.17,1039.32,622.17,1039.32,444.77,12.48,12.48,1746.2,7.3,7.3,7.83,6.79,3.24,1.9,16.8,7.571,18.148,25.932,90.0,90.0,90.0,873.0,0.769676,2.0,180.0,53.0,4.0,30.0,24.0,56.0,1.0,83.27884615384615,0.6354222169746456,1.0,0.3111111111111111,0.41718095657923737,0.699830325466605,1.1650427141094808,26.90034916684487,29.318154917490965,estimated
EPI,253.39,1058.21,253.39,1058.21,122.71,9.04,9.04,1867.09,6.1,4.1,5.47,3.62,1.25,3.48,17.7,9.127,17.48,10.377,90.0,124.939,90.0,979.0,0.845059,2.0,72.0,11.0,2.0,10.0,7.0,36.0,1.0,117.05862831858408,0.4777542574185519,0.6721311475409836,0.5,0.5221395881006865,1.6844945552664545,0.7,22.0,28.0,literature
ERI,419.59,1168.2,425.89,1185.74,338.14,15.1,15.12,1901.76,7.7,3.3,7.04,3.42,3.42,3.42,16.1,13.054,13.054,15.175,90.0,90.0,120.0,738.0,0.628571,3.0,108.0,58.0,6.0,32.0,18.0,84.0,0.9986772486772487,77.36423841059603,0.0,0.42857142857142855,0.7777777777777778,1.0,0.8602306425041186,2.1,60.0,36.0,literature
ESV,367.63,767.64,438.79,916.23,226.17,8.36,8.97,1622.59,6.9,3.7,6.22,1.78,3.66,1.78,17.7,9.686,12.226,22.836,90.0,90.0,90.0,875.0,0.754994,1.0,144.0,20.0,8.0,30.0,22.0,80.0,0.9319955406911927,91.82296650717704,0.4510049194223669,0.5362318840579711,0.5555555555555556,0.7922460330443317,0.5353827290243476,0.6956342810381457,22.047105842687877,28.191405483158135,estimated
ETR,552.54,1153.76,552.54,1153.76,589.31,18.97,18.97,1778.48,10.0,10.0,10.05,2.85,2.85,9.33,15.4,20.634,20.634,8.426,90.0,90.0,120.0,675.0,0.5767,3.0,144.0,123.0,2.0,30.0,28.0,50.0,1.0,60.82024248813917,0.7467524439817913,1.0,0.3472222222222222,1.0,2.448848801329219,0.6,10.0,22.0,literature
EUO,928.38,830.8,971.88,869.73,800.87,12.24,12.32,1485.88,6.7,5.6,7.0,4.99,1.98,2.5,17.1,13.901,22.861,20.582,90.0,90.0,90.0,965.0,0.872973,1.0,336.0,72.0,20.0,96.0,100.0,209.0,0.9935064935064934,67.87581699346404,0.5096708175284298,0.835820895522388,0.6220238095238095,0.6080661388390709,1.1107278204256146,0.65,16.0,27.0,literature
EWT,359.08,993.83,422.7,1022.08,250.91,11.12,11.69,1716.4,6.9,4.7,6.7,3.32,3.28,3.65,14.5,19.80114,19.80114,14.18779,90.0,90.0,120.0,692.0,0.6981845,3.0,108.0,59.0,6.0,31.0,29.0,72.0,1.0,81.05164533820842,0.2242057233126143,0.7083333333333334,0.6477272727272727,1.0,1.395646538326265,1.2162632891692966,44.14714041457978,30.5794124206708,estimated
EZT,422.14,881.46,422.82,882.89,366.76,13.14,13.14,1515.08,6.8,6.8,6.57,6.13,2.12,2.12,17.2,10.233,12.558,21.717,90.0,90.0,90.0,754.0,0.639,1.0,144.0,128.0,8.0,22.0,40.0,54.0,1.0,67.08219178082192,0.669770852300019,1.0,0.375,0.8148590539894889,0.5782566652852604,0.8372910895333368,18.194106557608997,27.376087698076375,estimated
FAR,0.0,0.0,821.34,980.01,0.0,0.0,9.63,1671.05,6.7,2.7,6.36,2.47,2.47,2.26,17.1,12.601,12.601,35.743,90.0,90.0,120.0,806.0,0.693,0.0,252.0,256.0,16.0,84.0,52.0,172.0,0.0,81.05164533820842,0.050518148554092354,0.40298507462686567,0.6825396825396826,1.0,0.35254455417844055,0.32649915235142,13.616294461608724,24.204328060014944,estimated
FAU,2320.63,1211.42,2678.25,1398.11,3956.18,27.42,28.61,1856.19,11.9,6.7,11.24,7.35,7.35,7.35,13.3,24.345,24.345,24.345,90.0,90.0,90.0,579.0,0.47619,3.0,576.0,304.0,32.0,208.0,96.0,496.0,0.9584061516952116,44.180160466812545,1.479989067222333e-16,0.5630252100840336,0.8611111111111112,1.0,1.0,3.4,85.0,38.0,literature
FER,343.76,957.07,343.76,957.07,205.34,10.01,10.01,1675.85,7.0,5.3,6.31,1.56,3.4,4.69,17.6,19.018,14.303,7.541,90.0,90.0,90.0,1021.0,0.887635,2.0,108.0,38.0,10.0,16.0,17.0,31.0,1.0,95.61138861138862,0.48902585392423825,0.7571428571428571,0.28703703703703703,1.3296511221422078,1.8966980506564117,0.75,22.0,30.0,literature
FRA,0.0,0.0,754.55,1260.45,0.0,0.0,12.0,1967.66,7.3,3.3,6.67,2.7,2.7,2.66,17.1,12.916,12.916,26.543,90.0,90.0,120.0,802.0,0.683983,0.0,180.0,176.0,10.0,150.0,51.0,300.0,0.0,81.05164533820842,0.00859578564550312,0.4520547945205479,1.6666666666666667,1.0,0.4866066382850469,0.11638511017945388,7.0508182837935625,20.454548425345823,estimated
GIS,239.29,1498.98,239.29,1498.98,91.5,9.38,9.38,2452.32,5.6,3.9,4.97,3.32,3.32,3.32,16.4,9.801,9.801,10.158,90.0,90.0,90.0,726.0,0.611111,3.0,48.0,8.0,4.0,24.0,12.0,72.0,1.0,159.8059701492537,0.0,0.6964285714285715,1.5,1.0,0.9648552864737153,2.0,50.0,35.0,literature
GIU,0.0,0.0,919.13,959.61,0.0,0.0,9.6,1640.12,7.0,2.9,6.32,2.59,2.59,2.32,17.1,12.559,12.559,41.026,90.0,90.0,120.0,811.0,0.69333,0.0,288.0,296.0,16.0,138.0,78.0,320.0,0.0,81.05164533820842,0.06235382907247959,0.41428571428571426,1.1111111111111112,1.0,0.3061229464242187,0.300258000235425,13.759269282050578,23.43948722843851,estimated
GME,350.28,1462.85,353.86,1477.79,275.64,17.29,17.3,2219.24,7.7,7.7,7.76,3.41,3.41,7.11,15.1,13.672,13.672,9.85,90.0,90.0,120.0,694.0,0.585714,3.0,72.0,36.0,4.0,28.0,27.0,74.0,0.9994219653179189,84.60670908039329,0.4600565676959689,1.0,1.0277777777777777,1.0,1.388020304568528,2.2,55.0,35.0,literature
GON,164.26,514.49,170.46,533.9,137.45,8.12,8.14,1007.49,6.0,6.0,6.32,1.68,1.68,5.45,17.7,16.5,20.185,5.08,90.0,90.0,90.0,926.0,0.787372,1.0,96.0,69.0,6.0,9.0,15.0,13.0,0.9975429975429974,63.36083743842365,0.7411840572684071,1.0,0.13541666666666666,0.8174386920980927,3.9734251968503935,0.6658253884858797,17.06727671979528,26.576638493683745,estimated
GOO,271.24,849.56,271.24,849.56,81.51,4.83,4.83,1607.3,5.1,3.6,4.51,3.22,3.22,2.84,19.0,8.748,11.039,17.475,90.0,90.0,90.0,840.0,0.716755,3.0,96.0,83.0,4.0,51.0,89.0,201.0,1.0,175.89233954451345,0.07092449427544976,0.7058823529411765,2.09375,0.7924630854244044,0.6317024320457796,0.4,15.0,26.0,literature
HEU,393.77,1096.31,393.77,1096.31,193.53,9.42,9.42,1916.34,6.6,4.3,5.97,3.05,1.34,3.67,17.5,17.523,17.644,7.401,90.0,116.104,90.0,909.0,0.778254,2.0,108.0,24.0,4.0,24.0,16.0,72.0,1.0,116.38110403397027,0.44916064503909603,0.6515151515151515,0.6666666666666666,0.9931421446384041,2.3840021618700176,1.1,28.0,30.0,literature
IFO,251.04,786.28,251.04,786.28,311.71,16.89,16.89,1359.86,6.9,4.7,7.76,7.22,1.97,1.09,17.3,16.43882,4.9453,22.78303,90.0,90.0,90.0,766.0,0.6981845,1.0,108.0,59.0,6.0,31.0,29.0,72.0,1.0,46.552989934872706,0.967254346172091,0.7083333333333334,0.6477272727272727,3.3241299820031145,0.21706068069084752,1.0544755043189726,20.047059457351153,26.990745356583503,estimated
IFR,296.93,930.01,296.93,930.01,289.87,15.54,15.54,1591.72,6.3,6.3,7.24,1.64,1.3,6.38,17.2,18.628,13.436,7.629,90.0,102.322,90.0,798.0,0.678236,1.0,96.0,38.0,12.0,12.0,20.0,12.0,1.0,59.846203346203346,0.9141253090179854,1.0,0.125,1.3864245311104495,1.7611744658539783,1.1010579569925145,20.37906903263364,27.059297741979755,estimated
IFW,691.22,1082.49,692.03,1083.77,729.09,17.99,17.99,1707.82,6.9,4.7,7.7,3.28,3.28,5.63,15.8,21.6651,18.23075,12.48474,90.0,124.7398,90.0,827.0,0.6981845,3.0,108.0,59.0,6.0,31.0,29.0,72.0,1.0,60.17176209005003,0.3339064313196769,0.7083333333333334,0.6477272727272727,1.188382266226019,1.4602426642445097,1.170225742462512,29.261075306637224,28.718182292052667,estimated
IFY,432.68,903.48,479.3,1000.83,288.92,10.62,11.14,1762.27,6.9,4.7,6.94,3.83,3.83,2.22,17.6,15.15117,15.15117,11.848,90.0,90.0,90.0,760.0,0.6981845,3.0,108.0,59.0,6.0,31.0,29.0,72.0,0.9533213644524235,85.07344632768363,0.28224714576780285,0.7083333333333334,0.6477272727272727,1.0,1.2787955773126265,0.9962012575127983,33.269409499949525,31.01756073139717,estimated
IHW,826.94,740.03,826.94,740.03,588.13,9.7,9.7,1363.55,6.2,4.0,6.67,3.67,1.58,3.67,18.5,13.747,24.069,18.329,90.0,90.0,90.0,1013.0,0.898963,2.0,336.0,88.0,24.0,31.0,44.0,31.0,1.0,76.29175257731958,0.4058280479617661,0.6451612903225806,0.09226190476190477,0.5711496115335079,1.3131649298925199,0.8264130737345348,23.967720237607974,28.4627689664026,estimated
IMF,2551.31,887.89,2573.37,895.57,1997.01,12.12,12.14,1562.25,8.0,5.9,7.34,5.44,1.84,5.2,17.5,14.296,56.788,20.29,90.0,90.0,90.0,964.0,0.846,3.0,864.0,188.0,63.0,204.0,249.0,438.0,0.9983525535420098,73.25825082508251,0.4838363702080434,0.7375,0.5069444444444444,0.2517433260548003,2.798817151306062,0.8911056443139977,31.60915366078626,29.948063009471078,estimated
IRN,1064.86,1160.1,1155.33,1258.66,1063.59,17.71,18.12,1923.82,6.9,4.7,9.17,2.05,3.64,2.81,15.3,19.64099,18.45742,16.56554,90.0,90.0,90.0,754.0,0.6981845,1.0,108.0,59.0,6.0,31.0,29.0,72.0,0.977373068432671,65.50536420101636,0.28067886068845704,0.7083333333333334,0.6477272727272727,1.0641243467396853,1.1142057548380555,1.1325465438750653,20.081531077686996,27.20294540290225,estimated
IRR,793.81,1530.03,793.81,1530.03,1671.52,37.79,37.79,1794.78,12.8,12.8,14.46,6.0,6.0,12.12,11.8,19.031,19.031,14.101,90.0,90.0,120.0,552.0,0.6981845,3.0,156.0,74.0,9.0,22.0,59.0,229.0,1.0,40.48769515744906,0.4394755780398644,1.0,1.4679487179487178,1.0,1.349620594284093,0.8829092002859044,44.06167371778885,30.37882599928941,estimated
IRY,1253.8,1653.51,1253.8,1653.51,2800.51,40.9,40.9,1831.08,6.9,4.7,11.33,9.35,9.35,8.67,11.1,15.9499,15.9499,31.0796,90.0,90.0,120.0,522.0,0.6981845,3.0,108.0,59.0,6.0,31.0,29.0,72.0,1.0,40.42811735941321,0.04303231820046898,0.7083333333333334,0.6477272727272727,1.0,0.5131951505167377,2.497872243306916,65.66567384133708,30.785530940768208,estimated
ISV,795.34,1245.55,796.85,1247.92,907.88,21.34,21.34,1872.64,6.9,6.2,7.01,6.32,6.32,6.28,15.0,12.874,12.874,25.674,90.0,90.0,90.0,772.0,0.694533,3.0,192.0,108.0,10.0,34.0,46.0,70.0,1.0,58.36691658856607,0.0036618410308010122,0.8985507246376812,0.3645833333333333,1.0,0.5014411466853627,0.9,15.0,26.0,literature
ITE,746.78,1169.51,746.78,1169.51,669.74,16.45,16.45,1834.36,8.9,4.9,8.3,2.07,4.21,2.8,15.7,20.753,9.804,20.009,90.0,90.0,90.0,824.0,0.711802,2.0,192.0,16.0,12.0,56.0,28.0,132.0,1.0,71.09483282674772,0.3594241919681717,0.550561797752809,0.6875,2.1167890656874744,0.4899795092208506,0.8,30.0,31.0,literature
ITG,607.31,1086.95,607.97,1088.13,530.92,15.72,15.72,1800.23,6.9,4.7,7.0,5.0,6.3,5.21,16.6,12.7411,12.6989,20.9991,90.0,96.29,90.0,832.0,0.6981845,3.0,108.0,59.0,6.0,31.0,29.0,72.0,1.0,69.14440203562341,0.12681000640204076,0.7083333333333334,0.6477272727272727,1.0033231224751749,0.6047354410427114,1.1087708231045488,28.970142052767873,30.23902232541694,estimated
ITH,525.64,940.78,525.64,940.78,372.46,11.59,11.59,1635.6,7.4,5.6,6.72,3.53,5.13,4.99,17.4,12.566,11.662,21.93,90.0,90.0,90.0,910.0,0.799546,3.0,168.0,96.0,12.0,16.0,32.0,28.0,1.0,81.17169974115616,0.19475057509341295,0.7567567567567567,0.16666666666666666,1.077516720974104,0.5317829457364341,0.9869428906769825,33.348834660779396,30.15234334928008,estimated
ITN,648.5,1203.67,648.5,1203.67,566.33,16.74,16.74,1917.05,6.9,4.7,6.95,4.86,4.54,4.7,16.0,24.2005,12.5399,14.2502,72.599,123.128,90.0,842.0,0.6981845,3.0,108.0,59.0,6.0,31.0,29.0,72.0,1.0,71.90382317801674,0.03404255319148939,0.7083333333333334,0.6477272727272727,1.9298798236030592,0.879980631850781,1.172717306158976,32.331898117952605,31.05645047207993,estimated
ITR,1060.02,948.61,1060.3,948.86,761.12,11.79,11.79,1642.68,6.5,5.6,6.36,5.12,5.12,3.58,17.4,11.673,21.969,25.17,90.0,90.0,90.0,907.0,0.6981845,3.0,336.0,184.0,24.0,95.0,101.0,182.0,1.0,80.45886344359627,0.1930071088028995,0.8615384615384615,0.5416666666666666,0.5313396149119213,0.8728247914183552,0.930942115545961,30.699538329874983,30.051866443516417,estimated
ITT,394.88,860.39,394.88,860.39,777.71,25.1,25.1,1274.36,6.9,4.7,11.74,2.29,2.29,11.2,12.8,18.86773,18.86773,11.63328,90.0,90.0,120.0,625.0,0.6981845,3.0,108.0,59.0,6.0,31.0,29.0,72.0,1.0,34.27848605577689,0.977983060547446,0.7083333333333334,0.6477272727272727,1.0,1.6218753438411182,1.407480307872996,37.20512133823418,28.800790685319072,estimated
ITV,3846.36,2007.88,3846.36,2007.88,6887.88,37.82,37.82,2111.97,6.9,4.7,9.32,6.98,6.98,6.98,10.5,26.31,26.31,26.31,90.0,90.0,90.0,328.0,0.6981845,3.0,108.0,59.0,6.0,31.0,29.0,72.0,1.0,53.09042834479112,0.0,0.7083333333333334,0.6477272727272727,1.0,1.0,2.3655941696664553,65.05771436991019,30.52139727544686,estimated
ITW,247.24,1032.5,247.24,1032.5,106.05,7.83,7.83,1825.84,5.4,3.4,4.73,2.78,1.54,3.95,17.7,10.45,15.028,8.954,90.0,105.64,90.0,901.0,0.769167,2.0,72.0,26.0,4.0,13.0,14.0,42.0,1.0,131.86462324393358,0.4371835868228195,0.6296296296296295,0.5833333333333334,0.6953686451956348,1.6783560419924055,0.7,35.0,32.0,literature
IWR,669.7,1198.62,669.7,1198.62,692.87,19.35,19.35,1870.55,8.1,6.5,7.48,4.86,4.86,5.91,15.6,21.233,13.302,12.676,90.0,90.0,90.0,759.0,0.651,3.0,168.0,120.0,6.0,32.0,43.0,66.0,1.0,61.94418604651162,0.11635658016297638,0.8024691358024691,0.39285714285714285,1.5962261314088109,1.0493846639318396,1.1750541763021352,26.704603491308525,29.166975104181205,estimated
IWS,1701.32,1253.83,1708.99,1259.48,2132.56,23.19,23.2,1858.73,7.1,7.1,8.25,6.38,6.38,6.66,14.8,26.689,26.689,12.908,90.0,90.0,90.0,738.0,0.6981845,3.0,408.0,192.0,30.0,56.0,62.0,88.0,0.9995689655172415,54.0677015955153,0.024972926164741813,1.0,0.21568627450980393,1.0,2.067632475983886,1.596633465598914,58.217062101266805,29.423730956204274,estimated
IWV,1697.65,1119.42,1705.35,1124.5,2254.57,22.28,22.28,1685.2,8.1,7.1,8.54,2.06,7.03,7.03,15.0,27.826,26.081,13.944,90.0,90.0,90.0,802.0,0.7,2.0,456.0,112.0,28.0,72.0,96.0,72.0,1.0,50.24326750448833,0.5340131832268808,0.8765432098765432,0.15789473684210525,1.0669069437521568,1.870410212277682,0.7,12.0,24.0,literature
IWW,1195.68,1070.01,1195.68,1070.01,1030.66,15.3,15.3,1774.78,7.2,6.9,7.07,4.91,4.91,6.25,16.6,41.691,12.713,12.711,90.0,90.0,90.0,849.0,0.756633,3.0,336.0,176.0,16.0,58.0,96.0,125.0,1.0,69.93529411764706,0.14442738532310487,0.9583333333333334,0.37202380952380953,3.2793990403523954,1.0001573440327274,0.9664237852261238,25.610516021774117,29.546750030408102,estimated
JBW,43.92,733.63,43.92,733.63,13.35,4.18,4.18,1374.64,3.8,3.8,4.29,3.72,2.53,1.46,18.8,5.256,7.45,8.159,90.0,90.0,90.0,890.0,0.753333,1.0,18.0,10.0,0.0,14.0,8.0,20.0,1.0,175.50956937799043,0.4398952718913938,1.0,1.1111111111111112,0.705503355704698,0.913102095845079,0.3,15.0,25.0,literature
JNT,359.08,993.83,422.7,1022.08,250.91,11.12,11.69,1716.4,6.9,4.7,6.7,3.32,3.28,3.65,20.5,8.2065,14.1364,15.40456,90.0,119.27,90.0,893.0,0.6981845,2.0,108.0,59.0,6.0,31.0,29.0,72.0,1.0,81.05164533820842,0.2242057233126143,0.7083333333333334,0.6477272727272727,0.5805226224498458,0.9176763244130309,1.0054453443105764,25.42919631859143,28.398246335444817,estimated
JOZ,297.97,1493.27,297.97,1493.27,91.66,7.5,7.5,2438.18,5.6,3.9,4.92,3.09,3.5,3.09,16.4,7.1386,12.7091,13.4705,90.0,90.0,90.0,866.0,0.6981845,3.0,60.0,12.0,4.0,42.0,16.0,88.0,1.0,199.10266666666666,0.07336165610570661,0.6964285714285715,1.4666666666666666,0.5616920159570702,0.9434764856538361,0.5989508221650102,27.539737746045446,29.990174121103998,estimated
JRY,196.71,821.5,196.71,821.5,87.87,6.76,6.76,1514.22,5.2,3.9,4.59,2.05,4.4,1.75,18.5,8.165,9.2,17.294,90.0,90.0,90.0,902.0,0.6981845,1.0,72.0,72.0,2.0,24.0,18.0,70.0,1.0,121.52366863905326,0.5309081597814694,0.75,0.9722222222222222,0.8875,0.5319764080027755,0.5527849662162543,16.61709004816889,26.2359017646326,estimated
JSN,154.19,965.87,154.19,965.87,72.02,8.04,8.04,1722.22,5.8,4.0,5.12,1.59,2.75,3.46,17.9,8.7172,6.9231,14.946,90.0,96.992,90.0,785.0,0.6981845,2.0,48.0,18.0,5.0,20.0,17.0,68.0,1.0,120.13308457711445,0.3630695892349274,0.6896551724137931,1.4166666666666667,1.2591469139547313,0.46320754716981133,0.6551979181635084,25.60920059856202,28.832485722980028,estimated
JSR,6143.1,2137.89,6143.1,2137.89,6585.21,28.09,28.09,2620.13,6.9,4.7,7.83,5.05,5.05,5.05,12.3,19.84503,19.84503,19.84503,90.0,90.0,90.0,661.0,0.6981845,3.0,108.0,59.0,6.0,31.0,29.0,72.0,1.0,76.10857956568174,0.0,0.7083333333333334,0.6477272727272727,1.0,1.0,1.8154013112551441,47.65125835523561,30.94389959805364,estimated
JST,977.6,2041.31,977.6,2041.31,482.64,14.39,14.39,2914.04,6.0,3.8,5.35,3.74,3.74,3.74,14.3,14.97,14.97,14.97,90.0,90.0,90.0,747.0,0.6981845,3.0,144.0,40.0,12.0,48.0,40.0,144.0,1.0,141.85615010423905,0.0,0.6333333333333333,1.0,1.0,1.0,1.2219346804735394,37.606914346565276,30.723284556065035,estimated
JSW,0.0,0.0,366.37,765.01,0.0,0.0,6.71,1405.75,6.0,2.2,5.38,1.92,2.6,1.65,18.4,16.0185,9.6655,16.8331,90.0,90.0,90.0,852.0,0.6981845,1.0,144.0,108.0,4.0,31.0,32.0,62.0,0.0,81.05164533820842,0.23801794712168609,0.3666666666666667,0.4305555555555556,1.6572862241994724,0.574196077965437,0.3241499010823524,12.875364113192779,24.612358027681843,estimated
KFI,1363.32,1423.37,1373.96,1434.48,1148.34,17.91,17.92,2142.78,11.3,4.7,10.67,4.04,4.04,4.04,15.0,18.578,18.578,18.578,90.0,90.0,90.0,681.0,0.571429,3.0,288.0,184.0,16.0,50.0,30.0,191.0,0.9994419642857142,79.47347850362925,0.0,0.415929203539823,0.6631944444444444,1.0,1.0,2.9,90.0,39.0,literature
LAU,202.71,846.53,202.71,846.53,127.63,9.57,9.57,1519.99,5.5,2.8,6.04,2.09,2.09,4.07,18.0,14.587,12.877,7.613,90.0,111.159,90.0,782.0,0.658201,1.0,72.0,80.0,0.0,18.0,33.0,57.0,1.0,88.45663531870427,0.4156921938165306,0.509090909090909,0.7916666666666666,1.132794905645725,1.6914488375147774,0.8,25.0,29.0,literature
LEV,688.45,1277.82,688.83,1278.52,485.54,14.32,14.32,2031.68,7.7,3.4,7.1,3.53,3.53,2.5,15.9,13.168,13.168,22.578,90.0,90.0,120.0,719.0,0.605714,2.0,162.0,51.0,9.0,63.0,39.0,162.0,1.0,89.23324022346368,0.18661216859790203,0.44155844155844154,1.0,1.0,0.5832226060767118,1.8,55.0,35.0,literature
LIO,0.0,0.0,323.6,900.94,0.0,0.0,8.45,1584.87,6.3,2.5,6.05,2.37,2.37,2.29,17.6,12.281,12.281,15.632,90.0,90.0,120.0,816.0,0.693333,0.0,108.0,96.0,6.0,24.0,23.0,54.0,0.0,81.05164533820842,0.019710393258251822,0.39682539682539686,0.5,1.0,0.7856320368474924,0.45,18.0,27.0,literature
LIT,0.0,0.0,21.6,90.19,0.0,0.0,0.1,173.03,3.4,2.4,3.24,1.51,1.81,1.53,19.2,14.844,8.594,9.784,90.0,90.0,90.0,768.0,0.655555,0.0,76.0,24.0,6.0,19.0,30.0,35.0,0.0,81.05164533820842,0.10375047938481752,0.7058823529411765,0.4605263157894737,1.727251570863393,0.8783728536385935,0.5,20.0,28.0,literature
LOS,0.0,0.0,246.26,1028.42,0.0,0.0,10.4,1730.29,7.0,3.1,6.36,2.56,2.56,2.56,16.9,12.607,12.607,10.34,90.0,90.0,120.0,816.0,0.693333,0.0,72.0,56.0,4.0,35.0,21.0,86.0,0.0,81.05164533820842,0.0,0.4428571428571429,1.1944444444444444,1.0,1.219245647969052,0.13330767751432498,7.166444184362083,21.062785260766123,estimated
LOV,226.15,1259.25,226.15,1259.25,81.03,7.57,7.57,2111.34,5.8,3.4,5.15,3.78,3.78,3.77,16.8,7.163,7.163,20.876,90.0,90.0,90.0,879.0,0.754446,3.0,54.0,61.0,3.0,20.0,15.0,85.0,1.0,166.3474240422721,0.0015287297507227187,0.5862068965517241,1.5740740740740742,1.0,0.34312128760298904,0.6,25.0,29.0,literature
LTA,288.51,1204.87,341.67,1426.89,362.92,21.43,23.09,2017.87,11.7,4.9,11.05,4.21,4.21,4.21,14.2,11.919,11.919,11.919,90.0,90.0,90.0,641.0,0.533333,3.0,72.0,98.0,5.0,71.0,16.0,142.0,0.928107405803378,56.22351843210452,0.0,0.41880341880341887,1.9722222222222223,1.0,1.0,2.8,65.0,40.0,literature
LTF,1038.94,964.18,1126.48,1045.42,716.62,11.21,11.48,1761.7,8.1,8.1,8.16,3.25,3.25,7.5,16.9,31.167,31.167,7.601,90.0,90.0,120.0,825.0,0.6981845,3.0,324.0,102.0,12.0,86.0,59.0,182.0,0.9764808362369338,86.01070472792149,0.5258011380119806,1.0,0.5617283950617284,1.0,4.100381528746218,1.0223599589097387,33.414649753125445,31.547191245908554,estimated
LTJ,143.92,901.54,143.92,901.54,30.67,3.56,3.56,1668.18,3.7,3.7,4.1,3.12,3.12,3.12,18.5,9.25,9.25,10.083,90.0,90.0,90.0,897.0,0.6981845,3.0,48.0,40.0,0.0,18.0,32.0,43.0,1.0,253.24157303370785,1.7432563532186133e-16,1.0,0.8958333333333334,1.0,0.9173856987007835,0.4015012434041034,21.682966053041767,28.001897521992145,estimated
LTL,249.49,694.6,267.89,745.84,330.95,15.37,15.45,1244.23,10.7,8.1,10.01,2.08,2.08,7.5,16.7,18.126,18.126,7.567,90.0,90.0,120.0,746.0,0.619048,1.0,108.0,89.0,14.0,17.0,25.0,46.0,0.9948220064724919,45.19193233571894,0.8051213873947954,0.7570093457943925,0.42592592592592593,1.0,2.3954010836527027,2.1,45.0,34.0,literature
LTN,0.0,0.0,7408.52,966.85,0.0,0.0,11.71,1638.99,10.8,2.4,10.13,2.08,2.08,2.08,17.0,35.622,35.622,35.622,90.0,90.0,90.0,779.0,0.698452,0.0,2304.0,1424.0,128.0,702.0,534.0,2096.0,0.0,81.05164533820842,0.0,0.2222222222222222,0.9097222222222222,1.0,1.0,0.22816813894594684,7.937447439745927,19.577403621816362,estimated
MAR,0.0,0.0,624.27,869.02,0.0,0.0,8.34,1540.64,7.0,3.0,6.35,2.43,2.43,2.43,17.6,12.392,12.392,30.469,90.0,90.0,120.0,808.0,0.693333,0.0,216.0,216.0,12.0,31.0,33.0,83.0,0.0,81.05164533820842,0.0,0.42857142857142855,0.38425925925925924,1.0,0.4067084577767567,0.17960634548038232,7.843128838674252,20.544559791917532,estimated
MAZ,385.53,1073.36,385.53,1073.36,275.01,12.72,12.72,1783.34,8.1,8.1,8.09,3.25,3.25,7.5,16.7,18.102,18.102,7.618,90.0,90.0,120.0,823.0,0.697032,1.0,108.0,33.0,2.0,28.0,18.0,54.0,1.0,84.38364779874213,0.5258011380119806,1.0,0.5,1.0,2.3762142294565503,1.9,40.0,33.0,literature
MEI,486.87,1435.24,486.87,1435.24,489.19,21.11,21.11,2100.48,7.5,7.5,8.06,2.99,2.99,6.9,14.7,13.114,13.114,15.563,90.0,90.0,120.0,728.0,0.630682,3.0,102.0,12.0,4.0,34.0,18.0,50.0,1.0,67.98863098057792,0.5258011380119806,1.0,0.49019607843137253,1.0,0.8426395939086294,1.5882850119417946,44.79231787572451,31.535756184379224,estimated
MEL,857.53,895.3,857.78,895.56,701.92,12.69,12.69,1551.16,8.4,5.7,7.72,5.19,5.19,5.19,17.4,20.27,20.27,13.459,90.0,90.0,90.0,944.0,0.808638,3.0,288.0,80.0,20.0,83.0,82.0,157.0,1.0,70.55161544523247,0.0,0.6785714285714286,0.5451388888888888,1.0,1.5060554275949178,0.85,18.0,29.0,literature
MEP,0.0,0.0,404.08,880.43,0.0,0.0,7.94,1569.73,6.1,2.3,5.49,1.72,1.72,1.72,17.9,13.705,13.705,13.705,90.0,90.0,90.0,1059.0,0.955379,0.0,138.0,18.0,8.0,6.0,14.0,12.0,0.0,81.05164533820842,0.0,0.3770491803278688,0.08695652173913043,1.0,1.0,0.03,2.0,16.0,literature
MER,439.29,1375.92,439.29,1375.92,202.62,10.37,10.37,2247.78,7.3,4.8,6.65,3.12,3.12,4.2,16.4,14.012,14.012,9.954,90.0,90.0,90.0,738.0,0.622222,3.0,96.0,80.0,10.0,16.0,18.0,28.0,1.0,132.6827386692382,0.17917766974850452,0.6575342465753424,0.2916666666666667,1.0,1.4076753064094836,1.6,45.0,33.0,literature
MFI,799.21,834.41,799.21,834.41,511.01,9.81,9.81,1533.61,7.0,5.0,6.36,4.7,4.46,4.46,18.4,20.09,19.738,13.142,90.0,90.0,90.0,960.0,0.825819,3.0,288.0,64.0,12.0,81.0,65.0,141.0,1.0,85.05708460754332,0.03052071907610359,0.7142857142857143,0.4895833333333333,1.0178336204276015,1.5019022979759549,0.9,20.0,30.0,literature
MFS,341.86,951.79,341.86,951.79,226.26,10.96,10.96,1656.49,6.0,6.0,6.81,5.37,3.2,1.57,17.4,7.543,14.388,19.016,90.0,90.0,90.0,995.0,0.86632,2.0,108.0,17.0,6.0,28.0,24.0,48.0,1.0,86.84215328467153,0.5640189383677072,1.0,0.4444444444444444,0.5242563247150404,0.7566259991586034,0.9731443281548098,25.33262377889959,28.903842118364075,estimated
MON,192.01,1202.81,192.01,1202.81,54.24,5.98,5.98,2117.88,4.9,3.5,4.24,3.54,3.54,3.54,17.6,7.135,7.135,17.809,90.0,90.0,90.0,1033.0,0.885802,2.0,48.0,15.0,4.0,24.0,16.0,72.0,1.0,201.13879598662206,1.5364293282604724e-16,0.7142857142857142,1.5,1.0,0.4006401257791004,0.4,18.0,27.0,literature
MOR,483.8,1010.22,483.8,1010.22,346.86,12.27,12.27,1711.21,6.5,6.5,6.7,1.57,2.95,6.45,17.0,18.256,20.534,7.542,90.0,90.0,90.0,938.0,0.80234,1.0,144.0,40.0,4.0,24.0,16.0,40.0,1.0,82.33251833740832,0.6879429711121335,1.0,0.2777777777777778,0.889062043440148,2.722619994696367,1.8,35.0,33.0,literature
MOZ,881.26,817.84,924.04,857.55,835.12,13.12,13.18,1451.41,10.7,8.2,10.03,3.42,3.42,7.54,17.0,31.202,31.202,7.551,90.0,90.0,120.0,757.0,0.642857,3.0,324.0,260.0,28.0,72.0,64.0,187.0,0.9954476479514416,62.335365853658544,0.4962482146859371,0.7663551401869159,0.5771604938271605,1.0,4.132167924778175,0.8500376352253503,27.238502360980632,29.723090674149795,estimated
MRE,211.07,440.74,211.07,440.74,160.1,6.55,6.55,864.16,6.2,6.2,6.36,5.59,2.0,1.81,19.7,8.257,14.562,20.314,90.0,90.0,90.0,1003.0,0.6981845,1.0,144.0,72.0,16.0,75.0,84.0,125.0,1.0,67.28854961832062,0.6796773460278676,1.0,0.8680555555555556,0.5670237604724626,0.7168455252535197,0.5462566587378141,14.755873218014148,26.453712380859827,estimated
MSE,1138.73,1019.04,1164.24,1041.87,1122.27,16.4,16.43,1701.17,7.2,7.2,7.09,5.0,5.0,6.59,16.4,18.246,18.246,20.557,90.0,90.0,90.0,867.0,0.753,3.0,336.0,168.0,20.0,63.0,89.0,141.0,0.9981740718198416,62.13658536585366,0.16600125280497377,1.0,0.41964285714285715,1.0,0.8875808726954322,0.9715517527980532,26.64943284466588,28.231461120054206,estimated
MSO,0.0,0.0,646.62,720.11,0.0,0.0,11.04,1280.84,7.9,2.6,7.23,2.09,2.09,2.09,17.8,17.165,17.165,19.785,90.0,90.0,120.0,822.0,0.694444,0.0,270.0,183.0,12.0,112.0,57.0,212.0,0.0,81.05164533820842,0.0,0.3291139240506329,0.7851851851851852,1.0,0.8675764468031336,0.19265174919215816,6.982244800098608,20.15232416826131,estimated
MTF,217.89,496.34,217.89,496.34,141.32,6.66,6.66,1027.09,6.9,4.6,6.25,1.58,1.49,4.03,20.7,9.629,30.394,7.249,90.0,90.45,90.0,1083.0,0.942112,1.0,132.0,29.0,2.0,13.0,13.0,33.0,1.0,74.52552552552552,0.6089542126372663,0.6666666666666666,0.25,0.3168059485424755,4.192854186784384,0.6695659856419911,16.284767111690343,25.987915518968602,estimated
MTN,0.0,0.0,1314.85,969.01,0.0,0.0,10.2,1660.19,8.0,2.5,7.44,2.61,2.61,2.61,17.2,19.933,19.933,19.933,90.0,90.0,90.0,1049.0,0.92759,0.0,408.0,112.0,24.0,96.0,56.0,240.0,0.0,81.05164533820842,0.0,0.3125,0.5882352941176471,1.0,1.0,0.05,3.0,17.0,literature
MTT,167.67,700.24,168.53,703.8,105.14,7.98,7.98,1278.46,5.7,5.7,6.19,5.07,2.2,1.53,18.2,5.256,22.031,11.384,90.0,90.0,90.0,1015.0,0.883181,1.0,72.0,28.0,12.0,36.0,37.0,58.0,1.0,87.74937343358395,0.641075292763444,1.0,0.8055555555555556,0.23857291997639693,1.9352600140548135,0.55,18.0,28.0,literature
MTW,193.38,692.22,206.68,739.84,144.66,9.42,9.55,1345.8,6.3,6.3,6.08,1.27,5.68,2.41,18.2,25.552,5.256,12.117,90.0,109.312,90.0,912.0,0.776004,1.0,84.0,56.0,2.0,32.0,32.0,60.0,0.9863874345549738,73.48407643312102,0.7336943817144636,1.0,0.7142857142857143,4.861491628614916,0.43377073533052735,0.7,15.0,27.0,literature
MVY,37.94,316.92,37.94,316.92,5.74,1.0,1.0,663.33,4.4,3.1,3.76,2.94,1.8,1.27,21.0,5.021,8.151,13.977,90.0,90.0,90.0,935.0,0.6981845,1.0,36.0,34.0,2.0,4.0,6.0,12.0,1.0,316.92,0.42597298741887285,0.7045454545454545,0.3333333333333333,0.6159980370506686,0.5831723545825284,0.3461897036246123,13.801719623641885,25.475001851851808,estimated
MWW,837.58,1165.96,841.6,1171.55,787.64,17.43,17.44,1862.46,10.3,5.2,9.69,4.92,4.92,2.6,15.9,14.39,14.39,25.198,90.0,90.0,120.0,851.0,0.752127,2.0,216.0,100.0,14.0,34.0,30.0,46.0,0.9994266055045871,66.8938611589214,0.3230191216687938,0.5048543689320388,0.21296296296296297,1.0,0.5710770696086991,0.8,18.0,28.0,literature
NAB,161.18,1615.53,161.18,1615.53,43.84,7.05,7.05,2593.32,5.0,3.2,4.31,3.57,3.57,3.57,16.1,7.184,7.184,12.043,90.0,90.0,90.0,873.0,0.740741,3.0,30.0,28.0,1.0,20.0,11.0,91.0,1.0,229.15319148936172,0.0,0.64,3.033333333333333,1.0,0.596529104043843,0.530940691962977,27.992972365123947,28.81416136996627,estimated
NAT,306.88,1537.9,306.88,1537.9,111.55,9.06,9.06,2491.91,4.5,4.5,4.52,2.99,2.99,4.38,16.2,13.85,13.85,6.42,90.0,90.0,90.0,834.0,0.740741,3.0,60.0,52.0,0.0,45.0,83.0,163.0,1.0,169.74613686534215,0.23238905622787057,1.0,2.716666666666667,1.0,2.1573208722741435,1.2,35.0,32.0,literature
NES,1348.53,993.83,1386.86,1022.08,1232.9,14.91,14.96,1676.75,6.6,5.7,7.04,5.07,5.07,2.06,16.4,26.06,13.884,22.86,90.0,90.0,90.0,922.0,0.818688,2.0,408.0,96.0,24.0,95.0,104.0,126.0,0.9966577540106951,66.65526492287056,0.4273338467854361,0.8636363636363638,0.3088235294117647,1.8769806972054162,0.6073490813648295,0.6,15.0,26.0,literature
NON,0.0,0.0,695.27,791.88,0.0,0.0,8.85,1393.95,7.1,2.9,6.5,2.27,2.3,2.3,17.6,22.862,15.656,13.935,90.0,90.0,90.0,1038.0,0.915319,0.0,264.0,48.0,20.0,118.0,64.0,236.0,0.0,81.05164533820842,0.007563540644405528,0.4084507042253521,0.8939393939393939,1.4602708226877872,1.1235019734481522,0.03,2.0,16.0,literature
NPO,32.6,544.61,35.52,593.35,8.97,2.8,2.87,1107.67,4.3,4.3,4.23,2.08,2.08,3.71,15.9,8.391,8.391,5.259,90.0,90.0,120.0,869.0,0.75,1.0,18.0,47.0,2.0,12.0,8.0,20.0,0.9756097560975608,194.50357142857143,0.35873479241896694,1.0,1.1111111111111112,1.0,1.5955504848830575,0.330840186233211,15.929758915085166,25.728151170391747,estimated
NPT,5894.9,2051.51,5894.9,2051.51,4062.49,19.05,19.05,2763.67,10.9,4.2,10.28,3.56,3.56,3.56,13.5,13.883,13.883,13.883,90.0,90.0,90.0,774.0,0.6981845,3.0,864.0,464.0,40.0,640.0,200.0,1672.0,1.0,107.69081364829397,0.0,0.3853211009174312,1.9351851851851851,1.0,1.0,1.4699133324856946,40.47890122191126,32.0874170079978,estimated
NSI,86.96,726.3,86.96,726.3,22.24,3.48,3.48,1360.96,4.8,3.4,4.16,2.6,3.3,2.45,18.8,14.129,5.253,8.928,90.0,105.368,90.0,1016.0,0.869213,2.0,36.0,16.0,2.0,28.0,14.0,68.0,1.0,208.70689655172413,0.1630018872912119,0.7083333333333334,1.8888888888888888,2.6897011231677137,0.5883736559139785,0.35858825186058085,17.835665209049388,26.03709152340509,estimated
OBW,1644.51,2168.77,1644.51,2168.77,1357.18,22.73,22.73,2753.99,9.9,5.3,9.26,5.18,5.18,3.62,12.7,13.914,13.914,30.844,90.0,90.0,90.0,756.0,0.689892,3.0,228.0,60.0,10.0,142.0,50.0,421.0,1.0,95.4144302683678,0.193276055780218,0.5353535353535354,1.8464912280701755,1.0,0.4511088056023862,1.448190777427048,41.545651473546364,31.735623605242992,estimated
OFF,209.5,1166.54,212.77,1184.77,168.75,15.09,15.12,1903.23,7.3,7.3,7.0,3.43,3.43,6.61,16.1,13.063,13.063,7.565,90.0,90.0,120.0,739.0,0.628571,3.0,54.0,35.0,3.0,13.0,10.0,33.0,0.998015873015873,77.30550033134526,0.4089028632567951,1.0,0.6111111111111112,1.0,1.7267680105750165,2.0,55.0,35.0,literature
OKO,611.07,900.69,611.07,900.69,557.21,14.34,14.34,1573.07,6.9,4.7,6.7,1.34,5.1,5.9,17.5,24.06381,13.83322,12.3516,90.0,109.1282,90.0,949.0,0.6981845,2.0,108.0,59.0,6.0,31.0,29.0,72.0,1.0,62.80962343096235,0.5919427803520764,0.7083333333333334,0.6477272727272727,1.7395667819929126,1.1199536902101752,0.977123876691822,21.36818833599998,28.439692586312376,estimated
OSI,199.35,624.39,213.9,669.97,173.28,9.6,9.75,1185.62,6.9,6.9,6.66,2.44,2.44,6.28,17.7,18.506,18.506,5.268,90.0,90.0,90.0,892.0,0.777778,1.0,96.0,80.0,4.0,23.0,31.0,31.0,0.9846153846153846,65.040625,0.5959744714215491,1.0,0.3229166666666667,1.0,3.512908124525437,0.8,14.0,25.0,literature
OSO,179.48,1998.77,179.48,1998.77,134.77,19.95,19.95,2656.22,6.7,4.2,6.07,3.41,3.41,5.87,13.3,10.101,10.101,7.647,90.0,90.0,120.0,747.0,0.645,3.0,27.0,25.0,1.0,6.0,8.0,21.0,1.0,100.1889724310777,0.33576398633722915,0.6268656716417911,0.7777777777777778,1.0,1.3209101608473912,1.4095747855065834,39.69901879737198,31.87002339487494,estimated
OWE,184.74,1157.24,184.74,1157.24,96.71,10.35,10.35,1977.83,6.4,4.4,5.78,3.79,3.6,1.82,17.1,14.355,7.166,9.08,90.0,90.0,90.0,809.0,0.685714,2.0,48.0,38.0,2.0,7.0,11.0,24.0,1.0,111.81062801932367,0.35397141001244353,0.6875,0.5,2.0032096008931064,0.7892070484581498,1.0053303396250606,29.072436857852942,29.846458106060563,estimated
PAR,214.45,671.7,214.45,671.7,64.43,3.67,3.67,1221.02,4.9,2.7,4.21,1.07,1.8,3.61,19.5,21.555,8.761,9.304,90.0,91.55,90.0,773.0,0.664915,1.0,100.0,40.0,2.0,12.0,10.0,41.0,1.0,183.02452316076295,0.6054203326198417,0.5510204081632653,0.41,2.4603355781303504,0.9416380051590713,0.5313689960738822,18.554200566754638,26.81524696226295,estimated
PAU,9906.83,1477.6,9906.83,1477.6,5237.48,12.39,12.39,2343.02,11.1,4.7,10.48,4.07,4.07,4.07,15.9,34.838,34.838,34.838,90.0,90.0,90.0,728.0,0.623377,3.0,2016.0,1188.0,66.0,219.0,237.0,528.0,1.0,119.25746569814365,0.0,0.42342342342342343,0.2619047619047619,1.0,1.0,1.7,50.0,34.0,literature
PCR,425.98,711.59,450.82,753.08,220.54,6.89,7.02,1408.87,6.7,4.8,6.03,1.51,3.16,4.2,18.8,20.1437,14.0723,12.5223,90.0,115.651,90.0,1029.0,0.6981845,2.0,180.0,76.0,8.0,24.0,24.0,48.0,0.9814814814814815,103.27866473149493,0.45878634162314097,0.7164179104477612,0.26666666666666666,1.4314433319357887,1.1237791779465434,0.5961008218316799,19.202594879116162,26.100439463749996,estimated
PHI,455.64,1427.14,455.64,1427.14,193.3,9.89,9.89,2332.21,6.0,4.3,5.4,3.69,3.11,3.31,16.4,9.89,14.064,14.046,90.0,90.0,90.0,751.0,0.635556,3.0,96.0,32.0,4.0,8.0,12.0,16.0,1.0,144.30131445904954,0.08742385675166907,0.7166666666666667,0.16666666666666666,0.7032138794084187,1.001281503630927,1.5,40.0,33.0,literature
PON,214.06,893.95,214.06,893.95,92.91,7.04,7.04,1620.96,4.5,3.9,4.93,4.3,1.97,2.21,18.2,8.914,9.209,16.087,90.0,90.0,90.0,845.0,0.725,1.0,72.0,52.0,0.0,27.0,24.0,27.0,1.0,126.9815340909091,0.4533872237228366,0.8666666666666667,0.375,0.9679661200999022,0.5724498041897184,0.5926176184111438,16.127465598517837,25.788255448481898,estimated
POS,759.02,1188.68,760.97,1191.73,817.75,19.86,19.86,1847.82,6.9,4.7,7.27,5.68,5.68,6.58,15.5,18.7661,18.7661,11.69394,90.0,90.0,90.0,806.0,0.6981845,3.0,108.0,59.0,6.0,31.0,29.0,72.0,1.0,59.852970795568986,0.0868921809817163,0.7083333333333334,0.6477272727272727,1.0,1.604771360208792,1.313229730454315,28.796175682775303,30.298482741460237,estimated
PSI,359.08,993.83,422.7,1022.08,250.91,11.12,11.69,1716.4,6.9,4.7,6.7,3.32,3.28,3.65,20.7,8.22809,22.45626,37.89111,90.0,90.0,90.0,939.0,0.6981845,1.0,108.0,59.0,6.0,31.0,29.0,72.0,1.0,81.05164533820842,0.2242057233126143,0.7083333333333334,0.6477272727272727,0.3664051805598973,0.59265247178032,0.9893556037996017,23.035256085487383,27.227653853706368,estimated
PUN,625.91,1742.6,625.91,1742.6,360.12,14.97,14.97,2602.25,6.2,4.2,5.51,4.35,4.35,3.41,15.0,14.689,8.645,18.941,90.0,90.0,90.0,731.0,0.6981845,3.0,108.0,16.0,2.0,44.0,18.0,167.0,1.0,116.40614562458249,0.1344449016610028,0.6774193548387097,1.5462962962962963,1.6991324465008677,0.456417295813315,1.3139309811079252,40.080629677950824,30.746722395970842,estimated
RHO,710.69,1483.99,710.69,1483.99,685.13,20.63,20.63,2140.24,11.1,4.7,10.43,4.06,4.06,4.06,14.5,14.919,14.919,14.919,90.0,90.0,90.0,641.0,0.533333,3.0,144.0,68.0,2.0,62.0,16.0,124.0,1.0,71.93359185651964,0.0,0.42342342342342343,0.8611111111111112,1.0,1.0,3.1,120.0,42.0,literature
RON,328.28,587.56,336.2,601.72,227.44,7.39,7.41,1092.38,5.1,5.1,5.74,1.14,1.14,5.11,19.1,18.33,18.33,9.16,90.0,90.0,90.0,771.0,0.688981,1.0,176.0,200.0,6.0,11.0,29.0,35.0,0.9973009446693657,79.50744248985114,0.9304792565694782,1.0,0.19886363636363635,1.0,2.0010917030567685,0.6743177392977731,18.06726318016338,25.553396225373458,estimated
RRO,195.92,1090.91,195.92,1090.91,69.71,6.92,6.92,1944.19,4.4,4.4,4.46,4.09,1.54,3.13,17.9,7.412,8.641,17.18,90.0,113.678,90.0,924.0,0.801488,2.0,54.0,11.0,4.0,13.0,13.0,21.0,1.0,157.64595375722544,0.44106345069176056,1.0,0.3888888888888889,0.8577710913088763,0.5029685681024447,0.6990175191833503,24.28937348834912,28.06634780813974,estimated
RSN,468.27,1303.72,468.27,1303.72,150.55,7.03,7.03,2185.99,5.8,3.4,5.15,3.77,2.9,3.77,16.8,7.155,41.826,7.158,90.0,90.003,90.0,914.0,0.786947,3.0,108.0,74.0,2.0,56.0,30.0,203.0,1.0,185.45092460881935,0.14433756729740646,0.5862068965517241,1.8796296296296295,0.17106584421173432,5.84325230511316,0.7085720390525418,30.70309889505224,29.49518628996475,estimated
RTE,231.3,965.96,232.51,971.02,163.41,11.68,11.69,1662.5,7.7,4.6,7.06,1.92,1.82,3.98,17.2,14.098,13.67,7.431,90.0,102.421,90.0,844.0,0.715873,1.0,72.0,16.0,4.0,24.0,14.0,56.0,0.9991445680068435,82.70205479452055,0.4737958805687648,0.5974025974025974,0.7777777777777778,1.0313094367227507,1.8395909029740276,1.118036392877409,27.720494934478452,29.378478870339087,estimated
RTH,359.08,1124.7,359.08,1124.7,318.87,16.03,16.03,1805.49,8.8,4.8,8.18,4.14,1.67,2.76,16.1,9.762,20.53,9.996,90.0,96.897,90.0,817.0,0.695757,2.0,96.0,11.0,6.0,22.0,16.0,52.0,1.0,70.1621958827199,0.4333141645190045,0.5454545454545454,0.5416666666666666,0.4754992693619094,2.0538215286114445,1.2601716475399565,24.838263434667343,29.52029118601986,estimated
RUT,0.0,0.0,303.32,844.48,0.0,0.0,8.12,1527.59,6.6,2.2,5.96,1.93,1.54,1.93,18.1,13.224,13.286,12.454,90.0,114.842,90.0,902.0,0.767499,0.0,108.0,22.0,6.0,18.0,22.0,42.0,0.0,81.05164533820842,0.12509255832441887,0.33333333333333337,0.3888888888888889,0.9953334336895981,1.0668058455114822,0.3299693932803421,10.892526978964522,24.17468460771959,estimated
RWR,241.6,756.71,241.6,756.71,72.86,4.37,4.37,1449.69,5.1,3.8,4.42,1.99,1.99,1.66,19.2,7.806,7.806,27.35,90.0,90.0,90.0,1052.0,0.919647,1.0,96.0,33.0,8.0,24.0,32.0,48.0,1.0,173.16018306636155,0.1013433983152003,0.7450980392156863,0.5,1.0,0.2854113345521024,0.4991145594047392,16.518944866941734,26.22617015373313,estimated
RWY,1272.21,2656.48,1272.21,2656.48,2551.63,45.53,45.53,2270.29,15.0,6.9,14.4,6.29,6.29,6.29,7.6,17.762,17.762,17.762,90.0,90.0,90.0,410.0,0.333333,3.0,144.0,14.0,2.0,110.0,16.0,300.0,1.0,58.3457061278278,0.0,0.46,2.0833333333333335,1.0,1.0,2.5,60.0,35.0,literature
SAF,322.46,505.0,323.02,505.87,332.15,9.86,9.86,958.91,6.5,6.5,6.66,1.96,1.5,6.19,19.0,14.709,27.536,8.317,90.0,90.0,90.0,881.0,0.6981845,1.0,192.0,164.0,42.0,28.0,78.0,62.0,1.0,51.217038539553755,0.8036995988442578,1.0,0.3229166666666667,0.5341734456711213,3.310809186004569,0.6623932178105334,16.768036112721838,26.280757068557456,estimated
SAO,774.51,1386.22,785.77,1406.36,1014.26,25.69,25.71,1990.26,9.3,6.9,8.64,6.79,6.79,6.79,14.2,13.439,13.439,21.86,90.0,90.0,90.0,632.0,0.545455,3.0,168.0,100.0,6.0,28.0,40.0,111.0,0.999222092570984,53.95951732191514,0.0,0.7419354838709677,0.6607142857142857,1.0,0.614775846294602,2.568695165516626,72.60605495263532,33.44814198738295,estimated
SAS,383.49,1201.14,396.56,1242.06,387.22,18.09,18.14,1852.3,9.6,4.9,8.99,2.02,2.02,4.22,14.9,14.349,14.349,10.398,90.0,90.0,90.0,701.0,0.586667,1.0,96.0,114.0,6.0,38.0,20.0,85.0,0.9972436604189636,66.39800995024876,0.4613210383355363,0.5104166666666667,0.8854166666666666,1.0,1.3799769186381998,1.6,50.0,34.0,literature
SAT,727.82,1013.16,777.2,1081.92,571.01,13.02,13.18,1771.68,7.5,3.6,6.84,3.25,3.25,3.25,16.4,12.871,12.871,30.577,90.0,90.0,120.0,763.0,0.644444,3.0,216.0,147.0,12.0,98.0,48.0,230.0,0.9878603945371776,77.81566820276498,0.0,0.48000000000000004,1.0648148148148149,1.0,0.4209373058180986,1.5,45.0,33.0,literature
SAV,719.22,1501.79,727.9,1519.91,586.48,17.85,17.88,2215.92,9.5,4.7,8.82,3.75,3.75,4.1,14.6,18.653,18.653,9.441,90.0,90.0,90.0,690.0,0.587302,3.0,144.0,84.0,7.0,19.0,16.0,55.0,0.9983221476510068,84.13389355742297,0.0522601536766471,0.4947368421052632,0.3819444444444444,1.0,1.9757440949052005,1.8,55.0,35.0,literature
SBE,1755.36,1374.51,1755.36,1374.51,2461.28,26.41,26.41,1883.28,13.2,7.9,12.54,7.27,7.27,3.88,13.7,18.534,18.534,27.134,90.0,90.0,90.0,619.0,0.514323,2.0,384.0,292.0,6.0,118.0,48.0,216.0,1.0,52.04505868989019,0.3187650509043699,0.5984848484848485,0.5625,1.0,0.6830544704061324,1.4,40.0,32.0,literature
SBN,142.19,1425.1,142.19,1425.1,55.08,8.89,8.89,2295.65,5.7,3.4,5.06,3.8,3.8,2.65,16.1,7.187,7.187,13.846,90.0,90.0,120.0,813.0,0.6981845,3.0,30.0,30.0,2.0,24.0,10.0,115.0,1.0,160.3037120359955,0.19432765158089843,0.5964912280701754,3.8333333333333335,1.0,0.5190668785208725,0.7982739740178479,31.767186425906644,30.876890069947216,estimated
SBS,1232.78,1287.08,1278.04,1334.33,1905.18,27.23,27.34,1826.51,12.1,6.6,11.45,7.27,7.27,5.72,13.7,17.193,17.193,27.333,90.0,90.0,120.0,617.0,0.534092,3.0,288.0,200.0,10.0,99.0,38.0,277.0,0.9959765910753475,47.26698494307748,0.13251129080610857,0.5454545454545454,0.9618055555555556,1.0,0.6290198660959281,1.8379745147347417,48.512062786488265,35.1649785713021,estimated
SBT,1860.44,1294.92,1928.09,1342.01,2861.35,27.25,27.36,1836.08,11.8,6.7,11.17,7.34,7.34,5.71,13.7,17.191,17.191,41.03,90.0,90.0,120.0,617.0,0.522344,3.0,432.0,300.0,12.0,132.0,59.0,369.0,0.9959795321637427,47.52,0.1384621292955993,0.5677966101694915,0.8541666666666666,1.0,0.41898610772605405,1.8474862114830244,48.824002330852394,35.12442135646181,estimated
SEW,666.69,1012.44,673.04,1022.08,671.91,16.6,16.6,1662.63,6.9,4.7,7.35,5.29,5.97,1.92,17.0,23.72894,11.29319,14.47187,90.0,90.0,90.0,836.0,0.6981845,2.0,108.0,59.0,6.0,31.0,29.0,72.0,1.0,60.99036144578313,0.4936539020099633,0.7083333333333334,0.6477272727272727,2.1011724765101802,0.7803545775355915,1.0509878112050923,22.115725098019542,27.605951948736944,estimated
SFE,106.74,764.15,106.74,764.15,100.33,12.61,12.61,1341.21,6.5,6.5,6.66,1.6,6.29,1.6,16.9,11.457,5.255,13.994,90.0,100.96,90.0,892.0,0.767358,1.0,42.0,16.0,2.0,26.0,24.0,50.0,1.0,60.598731165741476,0.8559871746573271,1.0,1.1904761904761905,2.1802093244529024,0.37551807917679003,0.888472236688617,15.704013052835883,26.457277388149343,estimated
SFF,280.61,878.91,280.61,878.91,250.91,13.99,13.99,1564.9,8.2,5.9,7.59,1.63,1.37,5.34,17.8,11.454,21.695,7.227,90.0,93.154,90.0,880.0,0.765073,1.0,96.0,16.0,6.0,8.0,12.0,24.0,1.0,62.8241601143674,0.7988608550307952,0.7195121951219513,0.25,0.5279557501728509,3.0019371800193717,1.0808233825838631,19.29397839399458,27.887714061545903,estimated
SFG,548.73,743.21,557.84,755.56,466.63,11.12,11.13,1329.77,7.6,5.6,6.96,4.98,2.62,5.38,17.6,25.532,12.575,13.066,90.0,90.0,90.0,932.0,0.850442,2.0,222.0,102.0,12.0,103.0,86.0,202.0,0.9991015274034141,66.83543165467627,0.34471963492893704,0.7368421052631579,0.9099099099099099,2.0303777335984097,0.962421552120006,0.801096246737947,21.121730286353788,28.84184728088318,estimated
SFH,472.86,740.54,482.1,755.0,544.79,14.88,14.9,1316.74,7.6,7.6,7.63,6.79,1.5,1.78,16.5,5.255,34.319,21.518,90.0,90.0,90.0,835.0,0.724192,1.0,192.0,102.0,26.0,54.0,81.0,111.0,0.9986577181208054,49.76747311827957,0.8867868926298943,1.0,0.578125,0.15312217721961593,1.594897295287666,0.7369380308496212,16.826962872746094,27.205855488290766,estimated
SFN,275.69,863.51,288.97,905.1,303.32,15.69,15.79,1494.86,7.3,7.3,7.94,1.65,6.7,2.42,16.6,25.221,5.256,15.022,90.0,103.89,90.0,819.0,0.692828,1.0,96.0,46.0,2.0,40.0,36.0,60.0,0.993666877770741,55.035691523263225,0.757859837691143,1.0,0.625,4.79851598173516,0.34988683264545334,0.8634332813464332,16.57389053349359,25.860651583543333,estimated
SFO,413.58,1295.38,413.58,1295.38,412.9,19.57,19.57,1960.31,7.6,7.6,7.92,1.64,3.64,6.95,15.2,22.585,13.568,6.971,90.0,99.016,90.0,681.0,0.575084,2.0,96.0,44.0,8.0,20.0,22.0,40.0,1.0,66.19213081246806,0.6578405547287525,1.0,0.4166666666666667,1.664578419811321,1.946349160809066,1.2735754052440158,33.23352417307018,29.981651808803846,estimated
SFS,564.01,1009.45,564.01,1009.45,537.49,15.96,15.96,1674.85,8.2,6.3,7.52,1.8,5.92,4.84,16.6,14.013,20.027,12.488,90.0,106.08,90.0,877.0,0.6981845,2.0,168.0,32.0,14.0,46.0,52.0,97.0,1.0,63.24874686716792,0.5102602591523923,0.7682926829268293,0.5773809523809523,0.6997053977130873,1.603699551569507,0.9195176388417848,19.274647679656596,27.374349509496614,estimated
SFV,6954.73,889.11,6958.3,889.56,5463.69,12.3,12.3,1566.38,8.3,6.0,7.67,5.3,5.3,4.84,17.6,20.1528,20.1528,109.7563,90.0,90.0,90.0,932.0,0.6981845,3.0,2352.0,626.0,196.0,380.0,674.0,1120.0,1.0,72.28536585365853,0.051602549966430274,0.7228915662650601,0.47619047619047616,1.0,0.18361406133406466,0.9749442312988993,31.90782544216376,29.605990258031106,estimated
SFW,1570.14,1457.16,1583.4,1469.46,1230.83,17.2,17.21,2212.17,6.9,4.7,7.78,3.65,3.65,3.65,15.1,13.68061,13.68061,44.16007,90.0,90.0,120.0,690.0,0.6981845,3.0,108.0,59.0,6.0,31.0,29.0,72.0,0.9994189424753049,84.71860465116279,0.0,0.7083333333333334,0.6477272727272727,1.0,0.30979593103000064,1.5849630863990767,66.56437753622751,32.066793558483816,estimated
SGT,0.0,0.0,546.04,855.13,0.0,0.0,11.9,1489.36,8.4,2.7,7.74,2.11,2.11,2.11,17.5,10.329,10.329,34.364,90.0,90.0,90.0,962.0,0.862901,0.0,192.0,32.0,12.0,22.0,24.0,65.0,0.0,81.05164533820842,0.0,0.32142857142857145,0.3385416666666667,1.0,0.3005761843790013,0.06,3.0,18.0,literature
SIV,942.16,1475.49,942.16,1475.49,381.1,9.74,9.74,2409.17,6.0,4.4,5.38,3.73,3.31,3.37,16.4,9.877,14.075,28.131,90.0,90.0,90.0,741.0,0.636,3.0,192.0,48.0,12.0,60.0,36.0,181.0,1.0,151.4876796714579,0.06546292041268326,0.7333333333333334,0.9427083333333334,0.7017406749555951,0.5003377057338878,0.35,15.0,26.0,literature
SOD,0.0,0.0,133.25,1112.98,0.0,0.0,10.26,1849.38,7.0,3.2,6.32,2.53,2.53,2.53,16.7,8.965,8.965,8.965,90.0,90.0,90.0,791.0,0.666667,0.0,36.0,48.0,2.0,32.0,10.0,64.0,0.0,81.05164533820842,0.0,0.4571428571428572,1.7777777777777777,1.0,1.0,0.05,3.0,18.0,literature
SOF,550.91,1380.42,550.91,1380.42,306.08,12.57,12.57,2261.77,4.8,4.7,5.14,4.17,4.17,4.42,16.4,20.332,12.085,10.275,90.0,105.254,90.0,817.0,0.6981845,3.0,120.0,40.0,4.0,24.0,24.0,24.0,1.0,109.81861575178998,0.033935164725095564,0.9791666666666667,0.2,1.6824162184526272,1.1761557177615571,1.1724838772248811,34.37305045587689,30.17003484336607,estimated
SOS,314.23,1312.27,314.23,1312.27,132.45,9.36,9.36,2221.55,5.5,4.2,4.82,2.92,4.27,2.92,17.0,20.437,7.116,9.726,90.0,90.0,90.0,728.0,0.631746,3.0,72.0,44.0,2.0,16.0,16.0,32.0,1.0,140.19978632478634,0.2312827487851616,0.7636363636363637,0.4444444444444444,2.8719786396852167,0.7316471314003701,1.2326568870367114,37.09072791292208,31.757877933578225,estimated
SSF,438.06,813.07,472.6,877.18,512.99,15.63,15.85,1440.33,6.8,6.8,7.66,6.22,6.22,2.61,16.5,17.21,17.21,12.792,90.0,90.0,120.0,821.0,0.6981845,2.0,162.0,115.0,8.0,50.0,79.0,137.0,0.9861198738170348,52.01983365323097,0.4154620209517374,1.0,0.845679012345679,1.0,1.3453721075672296,0.9491708972917958,22.311842812564002,26.520536671763786,estimated
SSO,777.89,974.58,784.72,983.13,629.24,13.11,13.12,1634.86,6.9,4.7,6.79,1.65,4.89,1.58,16.7,19.90203,10.15609,24.68916,90.0,105.88,90.0,768.0,0.6981845,1.0,108.0,59.0,6.0,31.0,29.0,72.0,0.9992378048780488,74.33867276887872,0.6986992747607791,0.7083333333333334,0.6477272727272727,1.959615363786654,0.41135826411267135,0.9576901377013343,23.85616198667356,28.744186314180084,estimated
SSY,200.55,717.9,200.55,717.9,186.95,12.17,12.17,1305.56,6.6,6.6,7.1,1.67,1.57,5.75,16.9,5.258,22.579,13.977,90.0,90.0,90.0,900.0,0.784646,1.0,84.0,24.0,12.0,42.0,52.0,81.0,1.0,58.98931799506984,0.7958779029784334,1.0,0.9642857142857143,0.2328712520483635,1.615439650854976,0.7640702935196693,15.093248751193489,26.402917292408304,estimated
STF,313.57,982.13,313.57,982.15,291.82,15.39,15.39,1653.66,8.3,6.0,7.63,1.57,1.26,5.44,16.9,14.104,18.205,7.477,90.0,98.989,90.0,877.0,0.748986,1.0,96.0,18.0,6.0,3.0,8.0,10.0,1.0,63.81611435997401,0.8448603461011773,0.7228915662650601,0.10416666666666667,0.7747322164240593,2.4348000534973915,1.2381341866905125,22.812120381162934,28.599937135091658,estimated
STI,827.65,1152.13,827.65,1152.13,572.35,13.27,13.27,1919.14,6.9,5.4,6.29,4.94,2.96,1.85,16.7,13.502,17.802,17.942,90.0,90.0,90.0,852.0,0.720342,2.0,216.0,76.0,16.0,47.0,38.0,122.0,1.0,86.82215523737756,0.48162447007758524,0.782608695652174,0.5648148148148148,0.7584541062801933,0.992197079478319,1.2,30.0,31.0,literature
STO,620.07,554.9,632.17,565.72,594.98,9.94,9.95,1055.64,6.7,6.7,6.8,1.72,6.09,2.07,18.7,29.886,8.39,24.731,90.0,105.048,90.0,924.0,0.6981845,1.0,336.0,226.0,37.0,38.0,76.0,71.0,0.9989949748743718,55.82494969818914,0.7373375842230628,1.0,0.2113095238095238,3.5620977353992846,0.3392503335894222,0.7255347404226129,16.160944257874462,26.205315227487738,estimated
STT,653.81,1023.92,653.86,1023.99,524.36,13.9,13.9,1733.0,7.7,4.4,7.04,2.76,1.89,2.76,17.0,13.05,21.853,13.573,90.0,102.905,90.0,859.0,0.760705,2.0,192.0,28.0,12.0,40.0,36.0,92.0,1.0,73.66330935251798,0.203358191981771,0.5714285714285715,0.4791666666666667,0.5971720129959274,1.6100346275694395,0.6,25.0,29.0,literature
STW,791.55,1322.26,791.55,1322.26,509.81,13.93,13.93,2162.28,6.1,4.1,5.43,3.38,3.38,4.88,16.4,11.887,11.887,29.915,90.0,90.0,120.0,812.0,0.6981845,3.0,180.0,42.0,7.0,36.0,25.0,104.0,1.0,94.92175161521895,0.22320242365578313,0.6721311475409836,0.5777777777777777,1.0,0.3973591843556744,1.2913562762164172,35.663545372626956,31.370832363830125,estimated
SVR,844.78,920.34,845.21,920.81,575.18,10.75,10.75,1580.17,5.7,4.5,5.85,4.65,4.65,4.65,17.2,20.408,13.304,20.166,90.0,102.333,90.0,874.0,0.6981845,3.0,284.0,56.0,20.0,57.0,70.0,92.0,1.0,85.61302325581396,0.0,0.7894736842105263,0.323943661971831,1.5339747444377632,0.6597242884062283,0.991125860103583,29.428594028491382,29.948619899213053,estimated
SVV,0.0,0.0,474.08,848.51,0.0,0.0,8.61,1529.83,6.9,4.7,6.41,1.94,1.62,1.94,18.0,13.1231,13.3734,21.26198,90.0,123.642,90.0,852.0,0.6981845,0.0,108.0,59.0,6.0,31.0,29.0,72.0,0.0,81.05164533820842,0.10077386516764372,0.7083333333333334,0.6477272727272727,0.9812837423542256,0.6289818728077065,0.29357315117348615,11.621862873178774,24.012757279083957,estimated
SZR,329.14,916.37,338.17,941.52,190.51,9.33,9.37,1656.17,6.9,5.3,6.27,3.32,3.32,4.69,17.6,18.87,14.401,7.514,90.0,90.0,90.0,910.0,0.78,3.0,108.0,60.0,6.0,28.0,26.0,48.0,0.9957310565635006,98.21757770632368,0.209435975849017,0.7681159420289855,0.4444444444444444,1.3103256718283454,1.9165557625765237,0.65,18.0,27.0,literature
TER,805.69,1009.41,805.69,1009.41,599.57,12.77,12.77,1716.4,7.6,5.1,6.94,5.16,1.94,4.74,17.0,9.807,23.646,20.242,90.0,90.0,90.0,872.0,0.739316,2.0,240.0,108.0,8.0,100.0,64.0,200.0,1.0,79.04541895066562,0.4435303896438425,0.6710526315789473,0.8333333333333334,0.4147424511545293,1.1681652010670882,1.0450185441277977,26.17055663899762,29.15791730649678,estimated
THO,154.86,1552.17,154.86,1552.17,63.17,9.94,9.94,2437.88,5.8,4.1,5.15,3.26,3.0,3.69,15.7,14.0,7.0,6.482,90.0,90.0,90.0,784.0,0.666667,3.0,30.0,25.0,2.0,16.0,10.0,48.0,1.0,156.1539235412475,0.1050671936137025,0.7068965517241379,1.6,2.0,1.079913606911447,1.3,40.0,33.0,literature
TOL,0.0,0.0,600.7,836.21,0.0,0.0,8.05,1490.32,7.0,2.6,6.37,2.36,2.36,2.06,17.9,12.279,12.279,30.869,90.0,90.0,120.0,816.0,0.693,0.0,216.0,192.0,10.0,67.0,41.0,142.0,0.0,81.05164533820842,0.07663941626410957,0.37142857142857144,0.6574074074074074,1.0,0.39777770578897925,0.3749141582769835,12.418621755634408,23.596197719636585,estimated
TON,168.43,703.41,168.95,705.56,106.33,8.04,8.04,1277.27,5.7,5.7,5.71,2.31,1.56,5.11,18.1,14.105,17.842,5.256,90.0,90.0,90.0,1006.0,0.867111,1.0,72.0,29.0,0.0,52.0,30.0,68.0,1.0,87.48880597014926,0.6250728500556134,1.0,0.9444444444444444,0.7905503867279454,3.394596651445966,0.6,18.0,28.0,literature
TSC,4999.04,1304.81,5361.33,1399.37,8092.22,27.85,28.43,1845.34,17.1,4.7,16.45,4.08,4.08,4.08,13.2,30.742,30.742,30.742,90.0,90.0,90.0,590.0,0.482539,3.0,1152.0,680.0,48.0,776.0,200.0,1552.0,0.9795990151248681,46.85134649910233,0.0,0.27485380116959063,1.3472222222222223,1.0,1.0,2.8,70.0,37.0,literature
TUN,1689.79,882.11,1702.38,888.68,1409.76,12.93,12.94,1561.22,9.1,6.0,8.46,4.9,5.39,4.9,17.6,27.845,20.015,19.596,90.0,93.2,90.0,929.0,0.803,3.0,576.0,176.0,30.0,86.0,148.0,253.0,0.9992272024729522,68.22196442382058,0.055872606695770155,0.6593406593406593,0.4392361111111111,1.3912065950537096,1.0213819146764647,0.9218103478038959,25.973091233608145,30.01672821596327,estimated
UEI,487.96,1018.9,487.96,1018.9,179.51,6.53,6.53,1775.02,6.2,4.4,5.6,1.9,3.77,3.15,17.5,19.46,9.351,15.107,90.0,90.0,90.0,832.0,0.708844,2.0,144.0,76.0,4.0,36.0,32.0,72.0,1.0,156.0336906584992,0.3239874032661241,0.7096774193548387,0.5,2.0810608491070473,0.6189845766863045,0.6000651051015455,20.832372341782737,27.70378192037614,estimated
UFI,819.76,1283.79,819.76,1283.79,831.13,19.74,19.74,1947.19,10.7,4.5,10.09,3.89,3.89,1.88,15.2,12.125,12.125,28.636,90.0,90.0,90.0,747.0,0.641317,2.0,192.0,147.0,16.0,112.0,40.0,240.0,1.0,65.03495440729483,0.3603956649289279,0.42056074766355145,1.25,1.0,0.42341807515016067,1.353146141422945,30.508245708334428,31.455454786287408,estimated
UOS,232.54,971.13,232.54,971.13,122.87,9.02,9.02,1707.29,6.5,4.2,5.85,2.6,4.24,3.05,17.6,19.905,7.546,9.068,90.0,90.0,90.0,873.0,0.6981845,3.0,72.0,49.0,6.0,16.0,20.0,40.0,1.0,107.66407982261642,0.2570379602234579,0.6461538461538462,0.5555555555555556,2.637821362311158,0.8321570357300397,0.752356322946907,28.73023162350267,29.760732473017374,estimated
UOV,1906.56,1085.75,1907.27,1086.15,1857.38,17.13,17.13,1759.39,6.9,4.7,6.98,6.44,5.38,5.03,16.2,12.71775,21.98932,38.76387,90.0,90.0,90.0,811.0,0.6981845,3.0,108.0,59.0,6.0,31.0,29.0,72.0,1.0,63.382953882078226,0.1307161237136538,0.7083333333333334,0.6477272727272727,0.5783603130974492,0.5672632789244212,1.070441296455801,28.177565629646256,28.81024452226673,estimated
UOZ,0.0,0.0,284.61,713.15,0.0,0.0,6.5,1390.31,6.1,4.7,5.43,1.49,1.49,1.32,19.5,8.621,8.621,27.544,90.0,90.0,90.0,776.0,0.658436,0.0,120.0,198.0,8.0,0.0,8.0,0.0,0.0,81.05164533820842,0.06847642727597884,0.7083333333333334,0.0,1.0,0.31299012489108335,0.3204703043792873,12.642633458217983,24.78216887183264,estimated
USI,499.74,1252.2,499.74,1252.2,439.22,17.47,17.47,1987.4,7.4,5.6,6.76,1.73,4.04,6.28,15.9,21.119,12.971,9.672,90.0,108.367,90.0,691.0,0.590377,2.0,120.0,88.0,6.0,18.0,18.0,52.0,1.0,71.67716084716658,0.5664123838555328,0.7567567567567567,0.43333333333333335,1.6281705342687534,1.3410876757650951,1.5786992269704687,33.670252080695036,31.01597882219609,estimated
UTL,813.16,1072.38,813.16,1072.38,1066.23,21.88,21.88,1668.94,8.2,8.2,9.3,1.38,5.77,7.61,15.6,28.996,13.968,12.449,90.0,104.91,90.0,826.0,0.713707,2.0,228.0,60.0,18.0,12.0,28.0,12.0,1.0,49.011882998171856,0.650568450366753,1.0,0.05263157894736842,2.0758877434135163,1.1220178327576513,0.9797192538928355,22.037097939075153,26.572487919121137,estimated
UWY,638.21,1066.12,638.21,1066.12,595.45,16.18,16.18,1734.25,9.4,6.6,8.78,4.96,5.45,6.11,16.3,25.11,12.733,11.51,90.0,90.0,90.0,838.0,0.6981845,3.0,180.0,124.0,25.0,18.0,39.0,32.0,1.0,65.8912237330037,0.104798499349659,0.702127659574468,0.17777777777777778,1.972041152909762,1.1062554300608167,0.9932190412483757,27.860267632701778,29.0532720976283,estimated
VET,82.14,484.28,82.14,484.28,65.91,7.82,7.82,975.07,6.6,6.6,6.39,1.51,1.51,5.98,20.2,13.048,13.048,4.948,90.0,90.0,90.0,1023.0,0.913737,1.0,51.0,26.0,4.0,8.0,12.0,8.0,1.0,61.928388746803066,0.8602519010925426,1.0,0.1568627450980392,1.0,2.6370250606305574,0.6194069468212973,13.930746450487408,25.971802163299017,estimated
VFI,334.89,932.37,362.18,1008.34,631.71,25.4,25.55,1456.48,12.0,12.0,12.03,2.4,2.4,11.39,14.5,18.284,18.284,8.589,90.0,90.0,120.0,669.0,0.5625,1.0,108.0,84.0,0.0,114.0,276.0,1647.0,0.9941291585127201,36.707480314960634,0.9617749697371345,1.0,15.25,1.0,2.128769356153219,0.5,8.0,20.0,literature
VNI,549.39,917.74,607.86,1015.41,159.06,4.66,5.08,1779.72,5.4,3.2,4.8,3.16,3.16,2.53,17.6,10.002,10.002,34.141,90.0,90.0,90.0,971.0,0.896603,3.0,180.0,104.0,12.0,73.0,56.0,211.0,0.9173228346456693,196.93991416309012,0.12329853206422524,0.5925925925925926,1.1722222222222223,1.0,0.29296154184118806,0.48176874219944676,25.881270632598017,28.595873560810514,estimated
VSV,484.98,1350.25,484.98,1350.25,137.88,6.43,6.43,2263.46,5.0,3.4,4.31,3.77,3.77,2.9,16.8,7.156,7.156,41.842,90.0,90.0,90.0,948.0,0.818,3.0,108.0,56.0,4.0,70.0,35.0,249.0,1.0,209.9922239502333,0.14433756729740646,0.6799999999999999,2.3055555555555554,1.0,0.171024329620955,0.5752436190297541,28.712301200912762,29.250662314383057,estimated
WEI,314.8,1577.6,314.8,1577.6,94.8,7.82,7.82,2597.85,3.9,3.9,4.19,3.43,3.43,3.46,16.5,11.803,10.278,9.989,90.0,90.0,90.0,773.0,0.655864,3.0,60.0,28.0,0.0,20.0,12.0,20.0,1.0,201.7391304347826,0.0050350314173513554,1.0,0.3333333333333333,1.1483751702665888,1.0289318250075081,0.25,12.0,24.0,literature
WEN,243.78,1221.69,247.49,1240.3,139.93,11.58,11.61,2048.51,6.2,3.1,5.53,4.84,4.84,3.16,16.6,13.587,13.587,7.557,90.0,90.0,120.0,755.0,0.640693,3.0,59.0,43.0,3.0,10.0,14.0,25.0,0.9974160206718347,105.5,0.22662347014919884,0.5,0.423728813559322,1.0,1.797935688765383,1.140822845607413,39.04385722662437,32.6303373491908,estimated
YUG,161.01,1008.61,161.01,1008.61,50.85,5.7,5.7,1806.39,5.1,3.7,4.49,3.08,1.44,3.12,18.0,10.248,13.788,6.782,90.0,111.545,90.0,935.0,0.797884,2.0,48.0,11.0,2.0,14.0,11.0,40.0,1.0,176.94912280701755,0.37641758048206686,0.7254901960784315,0.8333333333333334,0.7432550043516101,2.03302860513123,0.9,25.0,30.0,literature
ZON,291.05,911.59,291.05,911.59,143.03,8.07,8.07,1641.47,6.5,4.0,5.83,2.63,3.52,1.58,18.0,6.918,14.87,17.236,90.0,90.0,90.0,798.0,0.679089,2.0,96.0,32.0,8.0,24.0,16.0,61.0,1.0,112.96034696406444,0.3768819018400999,0.6153846153846154,0.6354166666666666,0.4652320107599193,0.8627291715015084,0.6412800914344257,24.342592958043944,29.00033801144601,estimated
